rank	id	title	score	year	genre	imdb
1	tt0112760	Cutthroat Island	5.4	1995	action, adventure, comedy, family, romance	http://www.imdb.com/title/tt0112760/
2	tt0401729	John Carter	6.6	2012	action, adventure, fantasy, sci_fi	http://www.imdb.com/title/tt0401729/
3	tt0318974	The Alamo	5.8	2004	drama, history, war, western	http://www.imdb.com/title/tt0318974/
4	tt0180052	The Adventures of Pluto Nash	3.6	2002	comedy, action, sci_fi	http://www.imdb.com/title/tt0180052/
5	tt0318649	Sahara	5.9	2005	action, adventure, comedy, thriller	http://www.imdb.com/title/tt0318649/
6	tt1305591	Mars Needs Moms	5.2	2011	animation, action, adventure, comedy, family, sci_fi	http://www.imdb.com/title/tt1305591/
7	tt0120657	The 13th Warrior	6.4	1999	action, adventure, fantasy, horror, mystery, thriller	http://www.imdb.com/title/tt0120657/
8	tt0141907	Town & Country	4.3	2001	comedy, romance	http://www.imdb.com/title/tt0141907/
9	tt0811080	Speed Racer	6	2008	action, family, sport	http://www.imdb.com/title/tt0811080/
10	tt0080855	Heaven's Gate	6.5	1980	action, adventure, drama, history, romance, western	http://www.imdb.com/title/tt0080855/
11	tt0382992	Stealth	4.9	2005	action, adventure, sci_fi, thriller	http://www.imdb.com/title/tt0382992/
12	tt1133985	Green Lantern	5.7	2011	action, adventure, sci_fi, thriller	http://www.imdb.com/title/tt1133985/
13	tt0173840	Final Fantasy: The Spirits Within	6.3	2001	animation, action, adventure, fantasy, sci_fi, thriller	http://www.imdb.com/title/tt0173840/
14	tt0058085	The Fall of the Roman Empire	6.7	1964	drama, history, war	http://www.imdb.com/title/tt0058085/
15	tt0134983	Supernova	4.5	2000	horror, sci_fi, thriller	http://www.imdb.com/title/tt0134983/
16	tt0185183	Battlefield Earth	2.4	2000	action, sci_fi	http://www.imdb.com/title/tt0185183/
17	tt0084132	Inchon	2.9	1981	drama, history, war	http://www.imdb.com/title/tt0084132/
18	tt0081400	Raise the Titanic	4.3	1980	action, drama, thriller, adventure	http://www.imdb.com/title/tt0081400/
19	tt0133240	Treasure Planet	6.8	2002	animation, adventure, family, romance, sci_fi	http://www.imdb.com/title/tt0133240/
20	tt0308208	Ballistic: Ecks vs. Sever	3.5	2002	action, thriller	http://www.imdb.com/title/tt0308208/
21	tt0119925	The Postman	5.7	1997	action, adventure, drama, sci_fi	http://www.imdb.com/title/tt0119925/
22	tt0199753	Red Planet	5.5	2000	sci_fi, action, thriller	http://www.imdb.com/title/tt0199753/
23	tt0267626	K-19: The Widowmaker	6.5	2002	drama, history, thriller, war	http://www.imdb.com/title/tt0267626/
24	tt0166276	Monkeybone	4.5	2001	animation, comedy, fantasy	http://www.imdb.com/title/tt0166276/
25	tt0119558	Lolita	6.7	1997	drama, romance	http://www.imdb.com/title/tt0119558/
26	tt0245562	Windtalkers	5.9	2002	action, drama, war	http://www.imdb.com/title/tt0245562/
27	tt0160236	Dudley Do-Right	3.6	1999	comedy, family, romance	http://www.imdb.com/title/tt0160236/
28	tt0131704	The Adventures of Rocky & Bullwinkle	4	2000	animation, adventure, comedy, family, fantasy	http://www.imdb.com/title/tt0131704/
29	tt0120157	Soldier	5.8	1998	action, drama, sci_fi	http://www.imdb.com/title/tt0120157/
30	tt0299930	Gigli	2.4	2003	comedy, crime, romance	http://www.imdb.com/title/tt0299930/
31	tt0327437	Around the World in 80 Days	5.6	2004	action, adventure, comedy, family, romance, western	http://www.imdb.com/title/tt0327437/
32	tt0093278	Ishtar	3.9	1987	adventure, comedy, music	http://www.imdb.com/title/tt0093278/
33	tt0102070	Hudson Hawk	5.5	1991	action, adventure, comedy	http://www.imdb.com/title/tt0102070/
34	tt0120603	Beloved	5.7	1998	drama, horror, mystery	http://www.imdb.com/title/tt0120603/
35	tt0318081	A Sound of Thunder	4.1	2005	action, adventure, sci_fi, thriller	http://www.imdb.com/title/tt0318081/
36	tt0251114	Hart's War	6.2	2002	drama, war	http://www.imdb.com/title/tt0251114/
37	tt0181739	Osmosis Jones	6	2001	animation, action, adventure, comedy, family, fantasy	http://www.imdb.com/title/tt0181739/
38	tt1041804	The Nutcracker in 3D	4.3	2009	action, family, fantasy, musical	http://www.imdb.com/title/tt1041804/
39	tt0457400	Land of the Lost	5.2	2009	adventure, comedy, sci_fi	http://www.imdb.com/title/tt0457400/
40	tt0085811	Krull	5.8	1983	fantasy, action, adventure, sci_fi	http://www.imdb.com/title/tt0085811/
41	tt0138304	The Astronaut's Wife	5.1	1999	drama, sci_fi, thriller	http://www.imdb.com/title/tt0138304/
42	tt0096764	The Adventures of Baron Munchausen	7	1988	action, adventure, comedy, drama, fantasy, sci_fi	http://www.imdb.com/title/tt0096764/
43	tt1341188	How Do You Know	5.3	2010	comedy, drama, romance	http://www.imdb.com/title/tt1341188/
44	tt0141109	Jack Frost	4.9	1998	comedy, drama, family, fantasy	http://www.imdb.com/title/tt0141109/
45	tt0087089	The Cotton Club	6.4	1984	crime, drama, music	http://www.imdb.com/title/tt0087089/
46	tt0120696	Hard Rain	5.7	1998	action, crime, thriller, drama	http://www.imdb.com/title/tt0120696/
47	tt0119109	Fathers' Day	4.8	1997	comedy, romance	http://www.imdb.com/title/tt0119109/
48	tt0091757	Pirates	5.8	1986	adventure, comedy, family	http://www.imdb.com/title/tt0091757/
49	tt0219952	Lucky Numbers	4.8	2000	comedy, crime	http://www.imdb.com/title/tt0219952/
50	tt0120701	Holy Man	4.7	1998	comedy, drama	http://www.imdb.com/title/tt0120701/
51	tt0110391	Love Affair	5.5	1994	drama, romance, comedy	http://www.imdb.com/title/tt0110391/
52	tt0327554	Catwoman	3.2	2004	action, fantasy	http://www.imdb.com/title/tt0327554/
53	tt0129280	The Out-of-Towners	5	1999	comedy	http://www.imdb.com/title/tt0129280/
54	tt0128278	Instinct	6.2	1999	drama, thriller	http://www.imdb.com/title/tt0128278/
55	tt0061584	Doctor Dolittle	6	1967	adventure, comedy, family, fantasy, musical, romance	http://www.imdb.com/title/tt0061584/
56	tt0131369	Edtv	6	1999	comedy	http://www.imdb.com/title/tt0131369/
57	tt0120458	Virus	4.6	1999	action, horror, thriller, sci_fi	http://www.imdb.com/title/tt0120458/
58	tt0460780	In the Name of the King: A Dungeon Siege Tale	3.7	2006	action, adventure, drama, fantasy	http://www.imdb.com/title/tt0460780/
59	tt0113451	Jade	4.9	1995	action, crime, drama, thriller	http://www.imdb.com/title/tt0113451/
60	tt0084445	One from the Heart	6.3	1982	musical, romance	http://www.imdb.com/title/tt0084445/
61	tt0089913	Revolution	4.9	1985	adventure, drama, history, war	http://www.imdb.com/title/tt0089913/
62	tt0208988	Get Carter	4.8	2000	action, crime, drama, thriller	http://www.imdb.com/title/tt0208988/
63	tt0111756	Wyatt Earp	6.5	1994	action, adventure, biography, romance, western	http://www.imdb.com/title/tt0111756/
64	tt0103594	1492: Conquest of Paradise	6.3	1992	adventure, biography, drama, history	http://www.imdb.com/title/tt0103594/
65	tt0279111	Gods and Generals	6.1	2003	drama, history, war	http://www.imdb.com/title/tt0279111/
66	tt0272020	The Last Castle	6.7	2001	action, drama, thriller	http://www.imdb.com/title/tt0272020/
67	tt0093072	The Garbage Pail Kids Movie	2.6	1987	adventure, musical, comedy, family, sci_fi	http://www.imdb.com/title/tt0093072/
68	tt0119592	Mad City	6.1	1997	drama, thriller	http://www.imdb.com/title/tt0119592/
69	tt0246894	Rollerball	2.9	2002	action, sci_fi, sport	http://www.imdb.com/title/tt0246894/
70	tt0233142	3000 Miles to Graceland	5.8	2001	action, comedy, crime, thriller	http://www.imdb.com/title/tt0233142/
71	tt0099747	Havana	5.8	1990	drama, romance, war	http://www.imdb.com/title/tt0099747/
72	tt0082525	Honky Tonk Freeway	4.8	1981	action, comedy	http://www.imdb.com/title/tt0082525/
73	tt0120751	Mighty Joe Young	5.4	1998	action, adventure, family, fantasy, sci_fi, thriller	http://www.imdb.com/title/tt0120751/
74	tt0120716	Jakob the Liar	6.1	1999	comedy, drama, war	http://www.imdb.com/title/tt0120716/
75	tt0099165	The Bonfire of the Vanities	5.3	1990	comedy, drama	http://www.imdb.com/title/tt0099165/
76	tt0146984	The Legend of Bagger Vance	6.5	2000	drama, fantasy, sport	http://www.imdb.com/title/tt0146984/
77	tt0114345	The Scarlet Letter	4.8	1995	drama, romance	http://www.imdb.com/title/tt0114345/
78	tt0107151	The House of the Spirits	6.5	1993	drama, romance	http://www.imdb.com/title/tt0107151/
79	tt0116277	The Fan	5.7	1996	drama, sport, thriller	http://www.imdb.com/title/tt0116277/
80	tt0102558	Nothing But Trouble	4.4	1991	adventure, comedy, horror	http://www.imdb.com/title/tt0102558/
81	tt0266452	Death to Smoochy	6.2	2002	comedy, crime, drama, thriller	http://www.imdb.com/title/tt0266452/
82	tt0139668	True Crime	6.5	1999	crime, drama, mystery, thriller	http://www.imdb.com/title/tt0139668/
83	tt0765476	Meet Dave	4.8	2008	adventure, comedy, family, romance, sci_fi	http://www.imdb.com/title/tt0765476/
84	tt0163988	Bringing Out the Dead	6.8	1999	drama, thriller	http://www.imdb.com/title/tt0163988/
85	tt0066090	The Molly Maguires	6.8	1970	drama, history	http://www.imdb.com/title/tt0066090/
86	tt0103962	Christopher Columbus: The Discovery	4.2	1992	adventure, biography, drama, history	http://www.imdb.com/title/tt0103962/
87	tt0405676	All the King's Men	6	2006	drama, thriller	http://www.imdb.com/title/tt0405676/
88	tt0338216	Lucky You	5.8	2007	drama, romance, sport	http://www.imdb.com/title/tt0338216/
89	tt0134154	Ride with the Devil	6.6	1999	drama, romance, war, western	http://www.imdb.com/title/tt0134154/
90	tt0114558	Strange Days	7.1	1995	crime, drama, mystery, sci_fi, thriller	http://www.imdb.com/title/tt0114558/
91	tt0298814	The Core	5.3	2003	action, adventure, sci_fi, thriller	http://www.imdb.com/title/tt0298814/
92	tt0120913	Titan A.E.	6.5	2000	animation, action, adventure, family, sci_fi	http://www.imdb.com/title/tt0120913/
93	tt0132245	Driven	4.3	2001	action, drama, sport	http://www.imdb.com/title/tt0132245/
94	tt0110687	North	4.2	1994	adventure, comedy, drama, family, fantasy	http://www.imdb.com/title/tt0110687/
95	tt0297181	I Spy	5.2	2002	action, adventure, comedy, thriller	http://www.imdb.com/title/tt0297181/
96	tt0080492	Can't Stop the Music	3.7	1980	music, musical	http://www.imdb.com/title/tt0080492/
97	tt0362165	Son of the Mask	2.1	2005	adventure, comedy, family, fantasy	http://www.imdb.com/title/tt0362165/
98	tt0117002	Mary Reilly	5.6	1996	drama, horror, romance, thriller	http://www.imdb.com/title/tt0117002/
99	tt0446029	Scott Pilgrim vs. the World	7.5	2010	action, comedy, fantasy, romance	http://www.imdb.com/title/tt0446029/
100	tt0383222	BloodRayne	2.8	2005	action, adventure, fantasy, horror	http://www.imdb.com/title/tt0383222/
101	tt0245803	Bulletproof Monk	5.3	2003	action, comedy, fantasy	http://www.imdb.com/title/tt0245803/
102	tt0371257	Stay	6.7	2005	drama, mystery, thriller	http://www.imdb.com/title/tt0371257/
103	tt0202470	Rock Star	5.9	2001	comedy, drama, music	http://www.imdb.com/title/tt0202470/
104	tt0132512	At First Sight	5.7	1999	drama, romance	http://www.imdb.com/title/tt0132512/
105	tt0193560	Texas Rangers	5	2001	action, adventure, drama, thriller, western	http://www.imdb.com/title/tt0193560/
106	tt0454824	Flyboys	6.4	2006	action, adventure, drama, history, romance, war	http://www.imdb.com/title/tt0454824/
107	tt0120757	The Mod Squad	4	1999	action, crime, thriller	http://www.imdb.com/title/tt0120757/
108	tt0125664	Man on the Moon	7.4	1999	biography, comedy, drama	http://www.imdb.com/title/tt0125664/
109	tt0132347	Mystery Men	5.9	1999	action, comedy, fantasy, sci_fi	http://www.imdb.com/title/tt0132347/
110	tt0119214	Gone Fishin'	4.2	1997	comedy, crime	http://www.imdb.com/title/tt0119214/
111	tt0070337	Lost Horizon	4.7	1973	fantasy, musical, adventure, drama, romance	http://www.imdb.com/title/tt0070337/
112	tt0079550	Meteor	4.8	1979	action, drama, sci_fi, thriller	http://www.imdb.com/title/tt0079550/
113	tt0462465	Outlander	6.2	2008	action, adventure, sci_fi	http://www.imdb.com/title/tt0462465/
114	tt0088206	Supergirl	4.2	1984	action, adventure, fantasy, sci_fi	http://www.imdb.com/title/tt0088206/
115	tt0318155	Looney Tunes: Back in Action	5.7	2003	animation, adventure, comedy, family	http://www.imdb.com/title/tt0318155/
116	tt0150216	Cradle Will Rock	6.7	1999	drama	http://www.imdb.com/title/tt0150216/
117	tt0300556	Timeline	5.4	2003	action, adventure, sci_fi	http://www.imdb.com/title/tt0300556/
118	tt0268995	The Majestic	6.8	2001	drama	http://www.imdb.com/title/tt0268995/
119	tt0074225	The Blue Bird	5	1976	adventure, drama, family, fantasy, mystery, thriller	http://www.imdb.com/title/tt0074225/
120	tt0406375	Zathura: A Space Adventure	6.1	2005	action, adventure, comedy, family, fantasy, sci_fi	http://www.imdb.com/title/tt0406375/
121	tt0118956	Deep Rising	5.8	1998	action, adventure, horror, sci_fi	http://www.imdb.com/title/tt0118956/
122	tt0104740	Little Nemo: Adventures in Slumberland	7	1989	family, animation, adventure, drama, fantasy	http://www.imdb.com/title/tt0104740/
123	tt0374089	Nomad: The Warrior	5.8	2005	drama, history, war	http://www.imdb.com/title/tt0374089/
124	tt0098022	Old Gringo	5.7	1989	adventure, history, romance	http://www.imdb.com/title/tt0098022/
125	tt0107096	Heaven & Earth	6.6	1993	action, biography, drama, history, war	http://www.imdb.com/title/tt0107096/
126	tt0816462	Conan the Barbarian	5.1	2011	action, adventure, fantasy	http://www.imdb.com/title/tt0816462/
127	tt0108255	Super Mario Bros.	3.8	1993	adventure, comedy, family, fantasy, sci_fi	http://www.imdb.com/title/tt0108255/
128	tt0084931	Yes, Giorgio	3.8	1982	comedy, musical	http://www.imdb.com/title/tt0084931/
129	tt0361500	Delgo	4.3	2008	animation, adventure, comedy, fantasy, romance	http://www.imdb.com/title/tt0361500/
130	tt0346491	Alexander	5.4	2004	action, adventure, biography, drama, history, romance, war	http://www.imdb.com/title/tt0346491/
131	tt0119123	Fire Down Below	4.6	1997	action, drama, thriller	http://www.imdb.com/title/tt0119123/
132	tt0327247	The Whole Ten Yards	5.2	2004	comedy, crime, thriller	http://www.imdb.com/title/tt0327247/
133	tt0120479	Warriors of Virtue	4.2	1997	action, fantasy, adventure	http://www.imdb.com/title/tt0120479/
134	tt0160399	Impostor	6	2001	sci_fi, thriller, action, drama	http://www.imdb.com/title/tt0160399/
135	tt0118829	Cats Don't Dance	6.7	1997	animation, comedy, family, fantasy, musical	http://www.imdb.com/title/tt0118829/
136	tt0118158	White Squall	6.4	1996	adventure, drama	http://www.imdb.com/title/tt0118158/
137	tt0107362	Last Action Hero	6	1993	action, adventure, comedy, family, fantasy	http://www.imdb.com/title/tt0107362/
138	tt0246464	Big Trouble	6.2	2002	comedy, crime, thriller	http://www.imdb.com/title/tt0246464/
139	tt0089961	Santa Claus	5.3	1985	adventure, family, fantasy	http://www.imdb.com/title/tt0089961/
140	tt0891592	Street Fighter: The Legend of Chun-Li	3.7	2009	action, crime, drama, thriller	http://www.imdb.com/title/tt0891592/
141	tt0970411	City of Ember	6.4	2008	adventure, family, fantasy, sci_fi	http://www.imdb.com/title/tt0970411/
142	tt0089469	Legend	6.2	1985	fantasy, adventure, romance	http://www.imdb.com/title/tt0089469/
143	tt0093405	Leonard Part 6	2.1	1987	action, comedy	http://www.imdb.com/title/tt0093405/
144	tt1075747	Jonah Hex	4.6	2010	action, drama, fantasy, thriller, western	http://www.imdb.com/title/tt1075747/
145	tt1046997	Miracle at St. Anna	5.9	2008	action, crime, drama, thriller, war	http://www.imdb.com/title/tt1046997/
146	tt0076740	Sorcerer	7.4	1977	action, adventure, drama	http://www.imdb.com/title/tt0076740/
147	tt0083001	Roar	5.8	1981	adventure, thriller	http://www.imdb.com/title/tt0083001/
148	tt0101458	Until the End of the World	6.6	1991	drama, sci_fi	http://www.imdb.com/title/tt0101458/
149	tt0120004	The Relic	5.5	1997	horror, mystery, thriller	http://www.imdb.com/title/tt0120004/
150	tt0283160	Extreme Ops	4.2	2002	action, adventure, thriller	http://www.imdb.com/title/tt0283160/
151	tt0108395	A Troll in Central Park	4.8	1994	animation, family, fantasy	http://www.imdb.com/title/tt0108395/
152	tt0114108	The Pebble and the Penguin	5.2	1995	animation, adventure, comedy, family, musical, romance	http://www.imdb.com/title/tt0114108/
153	tt0113010	Fair Game	3.9	1995	action, thriller	http://www.imdb.com/title/tt0113010/
154	tt0430912	Basic Instinct 2	4	2006	crime, horror, mystery, thriller	http://www.imdb.com/title/tt0430912/
155	tt0185431	Little Nicky	5.1	2000	comedy, fantasy	http://www.imdb.com/title/tt0185431/
156	tt1053810	The Big Year	6.1	2011	comedy	http://www.imdb.com/title/tt1053810/
157	tt0120184	Sphere	5.8	1998	drama, mystery, sci_fi, thriller	http://www.imdb.com/title/tt0120184/
158	tt0204313	Exorcist: The Beginning	5	2004	horror, mystery, thriller	http://www.imdb.com/title/tt0204313/
159	tt0107563	The Meteor Man	4.6	1993	fantasy, sci_fi, comedy	http://www.imdb.com/title/tt0107563/
160	tt0167456	Thunderbirds	4	2004	action, adventure, comedy, family, sci_fi	http://www.imdb.com/title/tt0167456/
161	tt0363282	New York Minute	4.3	2004	comedy	http://www.imdb.com/title/tt0363282/
162	tt0411951	Tekken	4.8	2010	action, crime, drama, thriller	http://www.imdb.com/title/tt0411951/
163	tt0176269	Universal Soldier: The Return	3.8	1999	action, sci_fi	http://www.imdb.com/title/tt0176269/
164	tt0780567	Imagine That	5.4	2009	comedy, drama, family, fantasy	http://www.imdb.com/title/tt0780567/
165	tt0119484	Kull the Conqueror	4.6	1997	fantasy, action, adventure	http://www.imdb.com/title/tt0119484/
166	tt0084316	Megaforce	3	1982	sci_fi, action	http://www.imdb.com/title/tt0084316/
167	tt0105483	A Stranger Among Us	5.5	1992	crime, drama, romance	http://www.imdb.com/title/tt0105483/
168	tt0120797	Pushing Tin	5.9	1999	comedy, drama, romance	http://www.imdb.com/title/tt0120797/
169	tt0338188	The Missing	6.4	2003	adventure, thriller, western	http://www.imdb.com/title/tt0338188/
170	tt0117331	The Phantom	4.8	1996	action, adventure, comedy	http://www.imdb.com/title/tt0117331/
171	tt0117768	The Stupids	3.8	1996	comedy, adventure	http://www.imdb.com/title/tt0117768/
172	tt0109190	Baby's Day Out	5.4	1994	adventure, comedy, crime, drama, family	http://www.imdb.com/title/tt0109190/
173	tt0110538	Mixed Nuts	5	1994	comedy, drama	http://www.imdb.com/title/tt0110538/
174	tt0088814	The Black Cauldron	6.3	1985	animation, adventure, family, fantasy	http://www.imdb.com/title/tt0088814/
175	tt1032751	The Warrior's Way	6.2	2010	action, fantasy, western	http://www.imdb.com/title/tt1032751/
176	tt0105629	Toys	4.8	1992	comedy, drama, family, fantasy	http://www.imdb.com/title/tt0105629/
177	tt0155975	Psycho	4.6	1998	horror, mystery, thriller	http://www.imdb.com/title/tt0155975/
178	tt0118589	Glitter	2	2001	music, romance	http://www.imdb.com/title/tt0118589/
179	tt0421054	Domino	5.8	2005	action, biography, crime, drama, thriller	http://www.imdb.com/title/tt0421054/
180	tt0116823	Larger Than Life	5.2	1996	comedy, family	http://www.imdb.com/title/tt0116823/
181	tt0109456	Color of Night	4.9	1994	mystery, romance, thriller, drama	http://www.imdb.com/title/tt0109456/
182	tt0236348	Josie and the Pussycats	5	2001	comedy, music	http://www.imdb.com/title/tt0236348/
183	tt0119594	Twilight	6.1	1998	crime, drama, mystery, thriller	http://www.imdb.com/title/tt0119594/
184	tt0326856	Envy	4.6	2004	comedy	http://www.imdb.com/title/tt0326856/
185	tt0091934	Shanghai Surprise	2.8	1986	adventure, crime, drama, romance	http://www.imdb.com/title/tt0091934/
186	tt1674784	Trespass	5.2	2011	crime, drama, thriller	http://www.imdb.com/title/tt1674784/
187	tt0831887	The Spirit	4.8	2008	action, comedy, crime, fantasy	http://www.imdb.com/title/tt0831887/
188	tt0118661	The Avengers	3.5	1998	action, adventure, sci_fi, thriller	http://www.imdb.com/title/tt0118661/
189	tt0375173	Alfie	6	2004	comedy, drama, romance	http://www.imdb.com/title/tt0375173/
190	tt0116259	Extreme Measures	5.9	1996	crime, drama, mystery, thriller	http://www.imdb.com/title/tt0116259/
191	tt0295254	FeardotCom	3.3	2002	horror, thriller, crime	http://www.imdb.com/title/tt0295254/
