position	rank	score	title	year	genre	mpaa	imdb
1	1	2.200099992	For Singles Only	1968	Comedy	N/A	http://www.imdb.com/title/tt0062987/
2	2	2.400099792	Flesh Feast	1970	Horror	R	http://www.imdb.com/title/tt0065727/
3	3	2.800099731	Vampire Men of the Lost Planet	1970	Science Fiction	PG	http://www.imdb.com/title/tt0065852/
4	4	3.000099757	The Crater Lake Monster	1977	Science Fiction	PG	http://www.imdb.com/title/tt0075888/
5	5	3.200099988	Curse of the Stone Hand	1965	Horror	N/A	http://www.imdb.com/title/tt0057987/
6	6	3.600099657	Viva Knievel!	1977	Action	PG	http://www.imdb.com/title/tt0076890/
7	7	3.800095382	Superbabies: Baby Geniuses 2	2004	Family Fare	PG	http://www.imdb.com/title/tt0270846/
8	8	3.800099964	Creature of Destruction	1968	Horror	N/A	http://www.imdb.com/title/tt0061529/
9	9	4.000094999	Son of the Mask	2005	Fantasy	PG	http://www.imdb.com/title/tt0362165/
10	10	4.000099592	Viking Women and the Sea Serpent	1957	Fantasy	N/A	http://www.imdb.com/title/tt0052156/
11	11	4.000099858	They Saved Hitler's Brain	1963	Science Fiction	N/A	http://www.imdb.com/title/tt0265870/
12	12	4.000099902	Curse of the Swamp Creature	1966	Horror	N/A	http://www.imdb.com/title/tt0060270/
13	13	4.200099837	Boogeyman II	1983	Horror	R	http://www.imdb.com/title/tt0085266/
14	14	4.200099789	Teenage Zombies	1957	Horror	N/A	http://www.imdb.com/title/tt0051064/
15	15	4.200099923	Return from the Past	1967	Horror	N/A	http://www.imdb.com/title/tt0062193/
16	16	4.200099925	The Chilling	1989	Horror	R	http://www.imdb.com/title/tt0097059/
17	17	4.200099934	Cape Canaveral Monsters	1960	Science Fiction	N/A	http://www.imdb.com/title/tt0053692/
18	18	4.400098708	Simon Sez	1999	Action	PG-13	http://www.imdb.com/title/tt0168172/
19	19	4.400099472	Ghosts Can't Do It	1990	Fantasy	R	http://www.imdb.com/title/tt0099656/
20	20	4.400099714	Time Walker	1982	Science Fiction	PG	http://www.imdb.com/title/tt0084796/
21	21	4.400099722	Dracula vs. Frankenstein	1971	Horror	PG	http://www.imdb.com/title/tt0067017/
22	22	4.400099744	Sizzle Beach, U.S.A.	1986	Comedy	R	http://www.imdb.com/title/tt0072173/
23	23	4.400099845	Lambada	1990	Drama	PG-13	http://www.imdb.com/title/tt0099969/
24	24	4.400099871	Saturday the 14th Strikes Back	1988	Comedy	PG	http://www.imdb.com/title/tt0096039/
25	25	4.400099885	Identity Crisis	1990	Comedy	R	http://www.imdb.com/title/tt0099825/
26	26	4.40009989	Bela Lugosi Meets a Brooklyn Gorilla	1952	Science Fiction	N/A	http://www.imdb.com/title/tt0044406/
27		4.400099935	Comin At Ya! (Italian)	1981	Western	R	http://www.imdb.com/title/tt0082193/
28	27	4.40009997	Prettykill	1987	Crime Drama	R	http://www.imdb.com/title/tt0093775/
29		4.400099979	The Bananas Boat (British)	1974	Comedy	N/A	http://www.imdb.com/title/tt0071190/
30	28	4.40009999	Naked Paradise	1957	Crime Drama	N/A	http://www.imdb.com/title/tt0050748/
31	29	4.600093917	Alone in the Dark	2005	Horror	R	http://www.imdb.com/title/tt0369226/
32	30	4.60009585	House of the Dead (U.S.-German-Canadian)	2003	Horror	R	http://www.imdb.com/title/tt0317676/
33	31	4.600097647	Leonard Part 6	1987	Comedy	PG	http://www.imdb.com/title/tt0093405/
34	32	4.600099086	The Giant Spider Invasion	1975	Horror	PG	http://www.imdb.com/title/tt0073043/
35	33	4.60009958	The Horror of Party Beach	1964	Science Fiction	N/A	http://www.imdb.com/title/tt0058208/
36		4.600099668	Food of the Gods II (Canadian)	1989	Science Fiction	R	http://www.imdb.com/title/tt0097371/
37	34	4.600099726	The Lonely Lady	1983	Drama	R	http://www.imdb.com/title/tt0085863/
38	35	4.600099732	Moment by Moment	1978	Drama	R	http://www.imdb.com/title/tt0077942/
39	36	4.600099795	Zombie Island Massacre	1984	Horror	R	http://www.imdb.com/title/tt0088454/
40	37	4.600099809	Astro-Zombies	1967	Science Fiction	PG	http://www.imdb.com/title/tt0064048/
41	38	4.600099879	The Navy vs. the Night Monsters	1966	Science Fiction	N/A	http://www.imdb.com/title/tt0060741/
42	39	4.60009989	Weekend Pass	1984	Comedy	R	http://www.imdb.com/title/tt0088385/
43	40	4.600099893	I Eat Your Skin	1970	Science Fiction	PG	http://www.imdb.com/title/tt0058220/
44	41	4.600099914	Octaman	1971	Science Fiction	PG	http://www.imdb.com/title/tt0067515/
45	42	4.600099928	Frankenstein Meets the Space Monster	1965	Science Fiction	N/A	http://www.imdb.com/title/tt0059199/
46		4.600099936	War of the Planets (Italian)	1965	Science Fiction	N/A	http://www.imdb.com/title/tt0059101/
47	43	4.600099957	Bog	1984	Horror	N/A	http://www.imdb.com/title/tt0077254/
48	44	4.600099961	Blood of Ghastly Horror	1972	Science Fiction	PG	http://www.imdb.com/title/tt0068291/
49	45	4.600099987	Born to Race	1988	Drama	R	http://www.imdb.com/title/tt0094785/
50		4.600099988	Boom in the Moon (Mexican)	1946	Comedy	N/A	http://www.imdb.com/title/tt0038374/
51	46	4.800088673	Battlefield Earth	2000	Science Fiction	PG-13	http://www.imdb.com/title/tt0185183/
52	47	4.800098756	Shanghai Surprise	1986	Adventure	PG-13	http://www.imdb.com/title/tt0091934/
53	48	4.800099448	Deathstalker III	1989	Fantasy	R	http://www.imdb.com/title/tt0097174/
54	49	4.800099779	Where the Boys Are '84	1984	Comedy	R	http://www.imdb.com/title/tt0088395/
55	50	4.800099787	The Forbidden Dance	1990	Drama	PG-13	http://www.imdb.com/title/tt0099595/
56	51	4.800099789	Alligator II: The Mutation	1991	Thriller	PG-13	http://www.imdb.com/title/tt0101309/
57	52	4.800099792	Ator, The Fighting Eagle	1983	Fantasy	PG	http://www.imdb.com/title/tt0085183/
58	53	4.800099844	Frankenstein Island	1981	Horror	PG	http://www.imdb.com/title/tt0082410/
59	54	4.800099848	Daddy-O	1959	Crime Drama	N/A	http://www.imdb.com/title/tt0052719/
60		4.80009987	Gas (Canadian)	1981	Comedy	PG	http://www.imdb.com/title/tt0082440/
61	55	4.80009995	Lords of the Deep	1989	Science Fiction	PG-13	http://www.imdb.com/title/tt0097781/
62	56	4.800099958	Fantasies	1981	Drama	R	http://www.imdb.com/title/tt0082363/
63	57	4.800099971	Pink Motel	1983	Comedy	R	http://www.imdb.com/title/tt0086107/
64	58	4.800099977	Attack of the Mayan Mummy	1963	Horror	N/A	http://www.imdb.com/title/tt0057862/
65		4.80009998	The Buttercup Chain (British)	1971	Drama	R	http://www.imdb.com/title/tt0066875/
66	59	4.800099984	Private Duty Nurses	1971	Crime Drama	R	http://www.imdb.com/title/tt0067618/
67		4.800099995	The Bashful Elephant (German)	1962	Drama	N/A	http://www.imdb.com/title/tt0055777/
68	60	5.000096805	Teen Wolf Too	1987	Horror	PG	http://www.imdb.com/title/tt0094118/
69	61	5.000097274	It's Pat	1994	Comedy	PG-13	http://www.imdb.com/title/tt0110169/
70	62	5.000097836	Baby Geniuses	1999	Comedy	PG	http://www.imdb.com/title/tt0118665/
71	63	5.000098848	Cool as Ice	1991	Comedy-Drama	PG	http://www.imdb.com/title/tt0101615/
72	64	5.000099468	Village of the Giants	1965	Science Fiction	N/A	http://www.imdb.com/title/tt0059878/
73	65	5.000099575	Chairman of the Board	1998	Comedy	PG-13	http://www.imdb.com/title/tt0118836/
74		5.000099654	Howling IV: The Original Nightmare (British)	1988	Horror	R	http://www.imdb.com/title/tt0095334/
75		5.000099719	Witchery (Italian)	1989	Horror	R	http://www.imdb.com/title/tt0096453/
76	66	5.000099754	The Slime People	1962	Science Fiction	N/A	http://www.imdb.com/title/tt0056499/
77	67	5.000099776	House IV	1992	Horror	R	http://www.imdb.com/title/tt0104449/
78	68	5.000099786	The Sinister Urge	1960	Crime Drama	N/A	http://www.imdb.com/title/tt0055452/
79	69	5.000099851	A Certain Sacrifice	1985	Drama	N/A	http://www.imdb.com/title/tt0088896/
80	70	5.000099915	The Astounding She-Monster	1958	Science Fiction	N/A	http://www.imdb.com/title/tt0050143/
81		5.000099928	Phobia (Canadian)	1980	Thriller	R	http://www.imdb.com/title/tt0081334/
82	71	5.000099957	Gun Riders	1970	Western	PG	http://www.imdb.com/title/tt0065723/
83	72	5.000099965	Full Fathom Five	1990	Suspense	PG	http://www.imdb.com/title/tt0099622/
84	73	5.000099976	Did You Hear the One About the Traveling Saleslady?	1968	Comedy	N/A	http://www.imdb.com/title/tt0062890/
85	74	5.000099976	House of Evil (Mexican-U.S)	1971	Suspense	PG	http://www.imdb.com/title/tt0063097/
86	75	5.000099981	The Young Swingers	1963	Comedy-Drama	N/A	http://www.imdb.com/title/tt0057707/
87	76	5.000099987	Free, White and 21	1963	Crime Drama	N/A	http://www.imdb.com/title/tt0057072/
88	77	5.200093181	Police Academy VII: Mission to Moscow	1994	Comedy	PG	http://www.imdb.com/title/tt0110857/
89	78	5.20009725	Santa Claus Conquers the Martians	1964	Science Fiction	N/A	http://www.imdb.com/title/tt0058548/
90	79	5.200098963	Bolero	1984	Drama	R	http://www.imdb.com/title/tt0086987/
91	80	5.200099365	Megaforce	1982	Action	PG	http://www.imdb.com/title/tt0084316/
92	81	5.200099405	Howling II: Your Sister Is a Werewolf	1985	Horror	R	http://www.imdb.com/title/tt0089308/
93		5.200099757	Night Train to Venice (Bomb)	1995	Thriller	R	http://www.imdb.com/title/tt0107683/
94		5.200099872	The Bitch (British)	1979	Crime Drama	R	http://www.imdb.com/title/tt0078867/
95	82	5.200099879	Scream	1983	Mystery	R	http://www.imdb.com/title/tt0086262/
96	83	5.20009989	Snake People (Mexican-U.S.)	1970	Horror	N/A	http://www.imdb.com/title/tt0063142/
97	84	5.200099931	Blue Monkey	1987	Horror	R	http://www.imdb.com/title/tt0092677/
98	85	5.200099952	Blood of Dracula's Castle	1967	Horror	M	http://www.imdb.com/title/tt0061412/
99	86	5.200099958	Curse of the Faceless Man	1958	Science Fiction	N/A	http://www.imdb.com/title/tt0051507/
100	87	5.200099962	Vasectomy: A Delicate Matter	1986	Comedy	PG-13	http://www.imdb.com/title/tt0092150/
101		5.20009997	Assignment Terror (Spanish-German-Italian)	1970	Science Fiction	N/A	http://www.imdb.com/title/tt0064687/
102		5.200099979	Mama Dracula (French-Belgian)	1980	Comedy	N/A	http://www.imdb.com/title/tt0081107/
103	88	5.200099985	The Sporting Club	1971	Drama	R	http://www.imdb.com/title/tt0067783/
104	89	5.400099582	Revenge of the Dead	1958	Horror	N/A	http://www.imdb.com/title/tt0156843/
105	90	5.400099603	Tormented	1960	Horror	N/A	http://www.imdb.com/title/tt0054393/
106	91	5.400099774	Nighfall	1988	Science Fiction	PG-13	http://www.imdb.com/title/tt0095738/
107	92	5.400099807	Zontar, the Thing from Venus	1968	Science Fiction	N/A	http://www.imdb.com/title/tt0061217/
108	93	5.400099828	Hail Caesar	1993	Comedy	PG	http://www.imdb.com/title/tt0109969/
109	94	5.400099858	12 to the Moon	1960	Science Fiction	N/A	http://www.imdb.com/title/tt0054415/
110	95	5.400099921	Space Rage	1985	Science Fiction	R	http://www.imdb.com/title/tt0090054/
111	96	5.400099935	Smokey Bites the Dust	1981	Comedy	PG	http://www.imdb.com/title/tt0083097/
112	97	5.400099938	Cry Blood, Apache	1970	Western	R	http://www.imdb.com/title/tt0065596/
113	98	5.400099939	The Bride and the Beast	1958	Thriller	N/A	http://www.imdb.com/title/tt0051434/
114	99	5.400099943	Goodbye, Norma Jean	1976	Biography	R	http://www.imdb.com/title/tt0074581/
115	100	5.400099952	Dark Tower	1987	Horror	R	http://www.imdb.com/title/tt0092831/
116	101	5.400099966	Fearless Frank	1967	Fantasy	G	http://www.imdb.com/title/tt0061654/
117	102	5.400099972	Revenge	1986	Horror	R	http://www.imdb.com/title/tt0091848/
118	103	5.600098101	Tarzan, the Ape Man	1981	Adventure	R	http://www.imdb.com/title/tt0083170/
119	104	5.600098955	Marci X	2003	Comedy	R	http://www.imdb.com/title/tt0266747/
120	105	5.60009943	Gymkata	1985	Action	R	http://www.imdb.com/title/tt0089243/
121	106	5.600099473	Deadfall	1993	Crime Drama	R	http://www.imdb.com/title/tt0106684/
122	107	5.600099509	Bride of the Monster	1955	Science Fiction	N/A	http://www.imdb.com/title/tt0047898/
123	108	5.600099619	Metalstorm: The Destruction of Jared-Syn	1983	Science Fiction	PG	http://www.imdb.com/title/tt0085935/
124		5.60009966	Fire Maidens of Outer Space (British)	1955	Science Fiction	N/A	http://www.imdb.com/title/tt0046977/
125		5.600099749	Horror Planet (British)	1982	Science Fiction	R	http://www.imdb.com/title/tt0084090/
126	109	5.600099928	The Thirsty Dead	1975	Adventure	PG	http://www.imdb.com/title/tt0073801/
127	110	5.600099932	Trick or Treats	1982	Horror	R	http://www.imdb.com/title/tt0084825/
128	111	5.600099934	Che!	1969	Biography	PG	http://www.imdb.com/title/tt0064158/
129	112	5.600099936	The Twilight People (U.S.-Filipino)	1972	Horror	PG	http://www.imdb.com/title/tt0069426/
130	113	5.600099942	Chu Chu and the Philly Flash	1981	Comedy	PG	http://www.imdb.com/title/tt0082177/
131	114	5.600099943	The Monster From the Ocean Floor	1954	Science Fiction	N/A	http://www.imdb.com/title/tt0047244/
132	115	5.600099957	Castle of Evil	1966	Science Fiction	N/A	http://www.imdb.com/title/tt0060219/
133	116	5.600099968	Hotel Colonial (Italian-U.S.)	1983	Adventure	R	http://www.imdb.com/title/tt0093217/
134	117	5.600099986	Challenge	1974	Crime Drama	PG	http://www.imdb.com/title/tt0071298/
135	118	5.800098106	Eegah!	1963	Science Fiction	N/A	http://www.imdb.com/title/tt0055946/
136	119	5.800098631	Mannequin Two: On the Move	1991	Fantasy	PG	http://www.imdb.com/title/tt0102395/
137	120	5.800098683	The Beast of Yucca Flats	1961	Science Fiction	N/A	http://www.imdb.com/title/tt0054673/
138	121	5.800099546	State Property	2002	Crime Drama	R	http://www.imdb.com/title/tt0301893/
139	122	5.80009956	The Garbage Pail Kids Movie	1987	Family Fare	PG	http://www.imdb.com/title/tt0093072/
140	123	5.800099813	Exterminator II	1984	Action	R	http://www.imdb.com/title/tt0087229/
141	124	5.800099832	Breaker! Breaker!	1977	Action	PG	http://www.imdb.com/title/tt0075783/
142		5.80009994	King of Kong Island (Italian)	1978	Science Fiction	N/A	http://www.imdb.com/title/tt0062946/
143	125	5.800099967	The Last Rebel	1971	Western	PG	http://www.imdb.com/title/tt0065968/
144	126	5.800099969	Cuban Rebel Girls	1959	Action	N/A	http://www.imdb.com/title/tt0052717/
145		5.800099972	Friends, Lovers & Lunatics (Canadian)	1989	Comedy	R	http://www.imdb.com/title/tt0097389/
146	127	5.800099974	Twist All Night	1961	Comedy	N/A	http://www.imdb.com/title/tt0054764/
147	128	5.800099977	The Private Lives of Adam and Eve	1960	Fantasy	N/A	http://www.imdb.com/title/tt0055328/
148	129	5.800099979	Lady Dracula	1973	Horror	PG	http://www.imdb.com/title/tt0076290/
149	130	5.80009998	Hooked Generation	1969	Crime Drama	R	http://www.imdb.com/title/tt0063082/
150		5.800099982	Istanbul (Turkish-Swedish)	1990	Mystery	PG-13	http://www.imdb.com/title/tt0097599/
151	131	6.000088559	Street Fighter	1994	Action	PG-13	http://www.imdb.com/title/tt0111301/
152	132	6.000093175	Mortal Kombat: Annihilation	1997	Fantasy	PG-13	http://www.imdb.com/title/tt0119707/
153	133	6.000099602	Wicked Stepmother	1989	Fantasy	PG-13	http://www.imdb.com/title/tt0098649/
154	134	6.000099609	Spring Break	1983	Comedy	R	http://www.imdb.com/title/tt0086352/
155	135	6.000099683	Sextette	1978	Comedy	PG	http://www.imdb.com/title/tt0078238/
156	136	6.000099813	National Lampoon Goes to the Movies	1981	Comedy	R	http://www.imdb.com/title/tt0082799/
157	137	6.000099819	Going Ape!	1981	Comedy	PG	http://www.imdb.com/title/tt0082457/
158	138	6.000099834	City Limits	1985	Science Fiction	PG-13	http://www.imdb.com/title/tt0088925/
159		6.000099835	Fire, Ice and Dynamite (German)	1990	Drama	PG	http://www.imdb.com/title/tt0099564/
160	139	6.000099847	Killers from Space	1954	Science Fiction	N/A	http://www.imdb.com/title/tt0047149/
161	140	6.000099866	Joy of Sex	1984	Comedy	R	http://www.imdb.com/title/tt0087513/
162	141	6.00009987	Foolish	1999	Comedy-Drama	R	http://www.imdb.com/title/tt0166195/
163	142	6.000099877	The Apple	1980	Musical	PG	http://www.imdb.com/title/tt0080380/
164	143	6.000099905	Untamed Youth	1957	Drama	N/A	http://www.imdb.com/title/tt0051139/
165	144	6.000099913	Ash Wednesday	1973	Drama	R	http://www.imdb.com/title/tt0069736/
166	145	6.000099949	Can I Do It... Til I Need Glasses?	1977	Comedy	R	http://www.imdb.com/title/tt0075801/
167	146	6.000099952	Uphill All the Way	1985	Comedy	PG	http://www.imdb.com/title/tt0090239/
168	147	6.000099959	Hey, Let's Twist!	1961	Musical	N/A	http://www.imdb.com/title/tt0054971/
169		6.60009996	War Between the Planets (Italian)	1965	Science Fiction	G	http://www.imdb.com/title/tt0059588/
170	148	6.000099968	Beast of the Dead	1970	Horror	PG	http://www.imdb.com/title/tt0065456/
171	149	6.000099976	Cheaper to Keep Her	1980	Drama	R	http://www.imdb.com/title/tt0080519/
172	150	6.000099981	Cocaine Cowboys	1979	Crime Drama	R	http://www.imdb.com/title/tt0078980/
173	151	6.200094463	Police Academy 6: City Under Siege	1989	Comedy	PG	http://www.imdb.com/title/tt0098105/
174	152	6.200098515	Cop & ﾽ	1993	Comedy	PG	http://www.imdb.com/title/tt0106613/
175	153	6.200099272	C.H.U.D. IIﾗBud the Chud	1989	Horror	R	http://www.imdb.com/title/tt0097001/
176	154	6.200099583	Wild Orchid 2: Two Shades of Blue	1992	Drama	R	http://www.imdb.com/title/tt0105819/
177	155	6.20009966	Roller Boogie	1979	Drama	PG	http://www.imdb.com/title/tt0079822/
178		6.200099677	Time Runner (Canadian)	1993	Science Fiction	R	http://www.imdb.com/title/tt0108342/
179	156	6.200099679	The Telephone	1988	Comedy-Drama	R	http://www.imdb.com/title/tt0096241/
180	157	6.200099828	The Hidden II	1994	Science Fiction	R	http://www.imdb.com/title/tt0110022/
181	158	6.200099866	The Gong Show Movie	1980	Comedy	R	http://www.imdb.com/title/tt0080808/
182	159	6.200099882	Warrior Queen	1987	Drama	R	http://www.imdb.com/title/tt0094298/
183	160	6.200099892	New Year's Evil	1981	Thriller	R	http://www.imdb.com/title/tt0082806/
184	161	6.200099895	The Man Who Wasn't There	1983	Comedy	R	http://www.imdb.com/title/tt0085892/
185	162	6.200099938	The Incredible Petrified World	1958	Science Fiction	N/A	http://www.imdb.com/title/tt0053944/
186	163	6.200099943	Dondi	1961	War	N/A	http://www.imdb.com/title/tt0054816/
187	164	6.200099964	Sinister Invasion (Mexican-U.S.)	1971	Science Fiction	N/A	http://www.imdb.com/title/tt0063132/
188		6.200099969	Breaking Point (Canadian)	1976	Crime Drama	R	http://www.imdb.com/title/tt0074238/
189	165	6.200099972	Frankenstein General Hospital	1988	Comedy	R	http://www.imdb.com/title/tt0095173/
190	166	6.200099983	Surf Party	1964	Comedy	N/A	http://www.imdb.com/title/tt0058626/
191	167	6.200099986	The Executioner, Part II	1984	Action	R	http://www.imdb.com/title/tt0173807/
192	168	6.200099992	Swingin' Along	1962	Comedy	N/A	http://www.imdb.com/title/tt0056543/
193	169	6.400093559	Police Academy 5: Assignment Miami Beach	1988	Comedy	PG	http://www.imdb.com/title/tt0095882/
194	170	6.400097838	Bats	1999	Thriller	PG-13	http://www.imdb.com/title/tt0200469/
195	171	6.400099077	An Alan Smithee Film: Burn Hollywood Burn	1998	Comedy	R	http://www.imdb.com/title/tt0118577/
196	172	6.400099403	King Kong Lives	1986	Science Fiction	PG-13	http://www.imdb.com/title/tt0091344/
197	173	6.400099579	I Got the Hook Up	1998	Comedy	R	http://www.imdb.com/title/tt0131436/
198	174	6.400099625	Hamburger... The Motion Picture	1986	Comedy	R	http://www.imdb.com/title/tt0091165/
199	175	6.400099689	Ernest Goes to School	1994	Comedy	PG	http://www.imdb.com/title/tt0109739/
200	176	6.400099697	The Hills Have Eyes Part II (U.S.-British)	1985	Thriller	R	http://www.imdb.com/title/tt0089274/
201		6.400099737	Trog (British)	1970	Science Fiction	PG	http://www.imdb.com/title/tt0066492/
202		6.400099786	She (Italian)	1985	Adventure	N/A	http://www.imdb.com/title/tt0090009/
203	177	6.400099865	Song of Norway	1970	Musical	G	http://www.imdb.com/title/tt0066393/
204		6.400099902	Spasms (Canadian)	1983	Horror	R	http://www.imdb.com/title/tt0086349/
205	178	6.400099908	Waitress!	1982	Comedy	R	http://www.imdb.com/title/tt0083312/
206	179	6.400099911	Cancel My Reservation	1972	Comedy	G	http://www.imdb.com/title/tt0068332/
207	180	6.400099939	Windows	1980	Thriller	R	http://www.imdb.com/title/tt0081759/
208	181	6.400099952	Animal Behavior	1989	Comedy	PG	http://www.imdb.com/title/tt0096820/
209	182	6.400099955	Teen-age Millionaire	1961	Musical	N/A	http://www.imdb.com/title/tt0056563/
210	183	6.400099961	Jet Attack	1958	War Drama	N/A	http://www.imdb.com/title/tt0051797/
211		6.40009997	Goliath and the Dragon (Italian)	1960	Fantasy	N/A	http://www.imdb.com/title/tt0054437/
212		6.400099973	Hello-Goodbye (British)	1970	Drama	PG	http://www.imdb.com/title/tt0065828/
213	184	6.400099981	East of Elephant Rock (British)	1977	Drama	R	http://www.imdb.com/title/tt0075970/
214		6.400099985	Leonor (French-Spanish-Italian)	1975	Horror	PG	http://www.imdb.com/title/tt0073278/
215	185	6.600083208	Speed 2: Cruise Control	1997	Action	PG-13	http://www.imdb.com/title/tt0120179/
216	186	6.600095513	Dumb and Dumberer: When Harry Met Lloyd	2003	Comedy	PG-13	http://www.imdb.com/title/tt0329028/
217	187	6.600098006	Smokey and the Bandit Part 3	1983	Comedy	PG	http://www.imdb.com/title/tt0086325/
218	188	6.600098485	Reefer Madness	1936	Drama	PG	http://www.imdb.com/title/tt0028346/
219	189	6.600099534	National Lampoon's Gold Diggers	2004	Comedy	PG-13	http://www.imdb.com/title/tt0376717/
220	190	6.600099622	The Castle of Fu Manchu	1970	Action	PG	http://www.imdb.com/title/tt0064338/
221	191	6.600099705	Second Sight	1989	Fantasy	PG	http://www.imdb.com/title/tt0098276/
222		6.600099749	Death Ship (Canadian)	1980	Horror	R	http://www.imdb.com/title/tt0080603/
223	192	6.600099777	Basket Case 2	1990	Horror	R	http://www.imdb.com/title/tt0099108/
224	193	6.600099805	Tomboy	1985	Comedy	R	http://www.imdb.com/title/tt0090184/
225	194	6.600099819	Americathon	1979	Comedy	PG	http://www.imdb.com/title/tt0078766/
226	195	6.600099886	I Was a Teenage Zombie	1987	Comedy	N/A	http://www.imdb.com/title/tt0093238/
227	196	6.600099893	Hearts of Fire	1987	Drama	R	http://www.imdb.com/title/tt0093163/
228	197	6.600099906	Matilda	1978	Family Fare	G	http://www.imdb.com/title/tt0077917/
229	198	6.600099912	Don't Answer the Phone	1980	Suspense	R	http://www.imdb.com/title/tt0080645/
230	199	6.600099928	Hot Resort	1985	Comedy	R	http://www.imdb.com/title/tt0089305/
231	200	6.600099933	"""Marihuana"""	1936	Drama	N/A	http://www.imdb.com/title/tt0026683/
232	201	6.600099956	Girls for Rent	1974	Crime Drama	R	http://www.imdb.com/title/tt0071642/
233	202	6.600099984	Apache Woman	1955	Western	N/A	http://www.imdb.com/title/tt0047837/
234	203	6.600099992	Back From the Dead	1957	Horror	N/A	http://www.imdb.com/title/tt0050157/
235	204	6.800090568	Plan 9 From Outer Space	1959	Science Fiction	N/A	http://www.imdb.com/title/tt0052077/
236	205	6.800094297	Grease 2	1982	Musical	PG	http://www.imdb.com/title/tt0084021/
237	206	6.800096993	Weekend at Bernie's II	1993	Comedy	PG	http://www.imdb.com/title/tt0108539/
238	207	6.800098487	Glen or Glenda	1953	Drama	N/A	http://www.imdb.com/title/tt0045826/
239	208	6.800099365	Teenagers From Outer Space	1959	Science Fiction	N/A	http://www.imdb.com/title/tt0053337/
240	209	6.800099563	Braddock: Missing in Action III	1988	Action	R	http://www.imdb.com/title/tt0094792/
241	210	6.800099663	Food of the Gods	1976	Science Fiction	PG	http://www.imdb.com/title/tt0074540/
242	211	6.800099685	Parasite	1982	Science Fiction	R	http://www.imdb.com/title/tt0084472/
243	212	6.800099775	Maniac	1934	Horror	N/A	http://www.imdb.com/title/tt0025465/
244	213	6.800099839	Far Out Man	1990	Comedy	R	http://www.imdb.com/title/tt0099546/
245		6.800099841	The Stud (British)	1978	Drama	R	http://www.imdb.com/title/tt0078333/
246		6.800099868	Inchon! (Korean-U.S.)	1982	War Drama	PG	http://www.imdb.com/title/tt0084132/
247	214	6.800099869	The Amazing Transparent Man	1960	Science Fiction	N/A	http://www.imdb.com/title/tt0053593/
248	215	6.800099901	Beyond the Door (U.S.-Italian)	1974	Horror	R	http://www.imdb.com/title/tt0071212/
249	216	6.800099914	Mr. Write	1994	Comedy	PG-13	http://www.imdb.com/title/tt0110587/
250	217	6.800099916	The Master Gunfighter	1975	Western	PG	http://www.imdb.com/title/tt0073357/
251	218	6.80009993	Fever Pitch	1985	Drama	R	http://www.imdb.com/title/tt0089139/
252	219	6.800099942	Certain Fury	1985	Crime Drama	R	http://www.imdb.com/title/tt0088895/
253	220	6.800099945	Man Beast	1955	Horror	N/A	http://www.imdb.com/title/tt0049468/
254	221	6.800099951	The Extraordinary Seaman	1969	Comedy	G	http://www.imdb.com/title/tt0064307/
255	222	6.800099952	Commando Squad	1987	Action	R	http://www.imdb.com/title/tt0092769/
256	223	6.800099957	Slumber Party '57	1977	Comedy	R	http://www.imdb.com/title/tt0076726/
257	224	6.800099965	Deadly Force	1983	Crime Drama	R	http://www.imdb.com/title/tt0085409/
258		6.800099976	There Goes the Bride (British)	1979	Comedy	PG	http://www.imdb.com/title/tt0080014/
259	225	6.80009998	Love in a Goldfish Bowl	1961	Comedy	N/A	http://www.imdb.com/title/tt0055099/
260	226	6.800099981	Quick, Let's Get Married	1971	Drama	N/A	http://www.imdb.com/title/tt0057961/
261		6.800099984	The Headless Ghost (British)	1958	Horror	N/A	http://www.imdb.com/title/tt0053895/
262	227	7.000091107	Freddy Got Fingered	2001	Comedy	R	http://www.imdb.com/title/tt0240515/
263	228	7.000097	Ballistic: Ecks vs. Sever	2002	Action	R	http://www.imdb.com/title/tt0308208/
264	229	7.000097088	Friday the 13th Part V: A New Beginning	1985	Horror	R	http://www.imdb.com/title/tt0089173/
265	230	7.000097943	Jury Duty	1995	Comedy	PG-13	http://www.imdb.com/title/tt0113500/
266	231	7.000099439	Silent Night, Deadly Night Part II	1987	Thriller	R	http://www.imdb.com/title/tt0093974/
267	232	7.000099695	The Horror Show	1989	Horror	R	http://www.imdb.com/title/tt0097527/
268	233	7.000099709	Defcon-4	1984	Science Fiction	R	http://www.imdb.com/title/tt0087130/
269	234	7.000099727	Night Patrol	1985	Comedy	R	http://www.imdb.com/title/tt0087795/
270	235	7.000099729	Deathstalker	1984	Fantasy	R	http://www.imdb.com/title/tt0087127/
271	236	7.000099795	The Allnighter	1987	Comedy	PG-13	http://www.imdb.com/title/tt0092537/
272	237	7.000099849	Graduation Day	1981	Horror	R	http://www.imdb.com/title/tt0082467/
273	238	7.000099883	The Blue Iguana	1988	Comedy	R	http://www.imdb.com/title/tt0094768/
274		7.000099893	Tintorera (British-Mexican)	1977	Thriller	R	http://www.imdb.com/title/tt0076825/
275	239	7.000099899	Frankenstein's Daughter	1959	Horror	N/A	http://www.imdb.com/title/tt0051631/
276	240	7.000099904	One Down Two to Go	1983	Action	R	http://www.imdb.com/title/tt0086051/
277		7.000099912	Slaughter in San Francisco (Hong Kong)	1981	Action	R	http://www.imdb.com/title/tt0070705/
278	241	7.000099925	Die Laughing	1980	Comedy	PG	http://www.imdb.com/title/tt0080627/
279	242	7.000099932	G.O.R.P.	1980	Comedy	R	http://www.imdb.com/title/tt0080809/
280	243	7.000099933	Forever, Lulu	1987	Crime Drama	R	http://www.imdb.com/title/tt0093042/
281	244	7.000099937	Cage	1989	Action	R	http://www.imdb.com/title/tt0097003/
282	245	7.000099961	The Cocaine Fiends	1936	Crime Drama	N/A	http://www.imdb.com/title/tt0028074/
283	246	7.000099973	The Love-Ins	1967	Drama	N/A	http://www.imdb.com/title/tt0061922/
284	247	7.000099977	I Escaped from Devil's Island	1973	Action	R	http://www.imdb.com/title/tt0070205/
285	248	7.00009998	Fools	1970	Drama	PG	http://www.imdb.com/title/tt0065731/
286		7.00009998	On My Way to the Crusades, I Met a Girl Who... (Italian)	1968	Comedy	R	http://www.imdb.com/title/tt0064167/
287		7.000099982	My Pleasure Is My Business (Canadian)	1974	Comedy	R	http://www.imdb.com/title/tt0071882/
288	249	7.200094475	Species II	1998	Science Fiction	R	http://www.imdb.com/title/tt0120841/
289	250	7.200095549	Urban Legends: Final Cut	2000	Crime Drama	R	http://www.imdb.com/title/tt0192731/
290	251	7.200096008	Halloween III: Season of the Witch	1983	Horror	R	http://www.imdb.com/title/tt0085636/
291	252	7.200096847	Bio-Dome	1996	Comedy	PG-13	http://www.imdb.com/title/tt0115683/
292	253	7.200096996	Soul Survivors	2001	Horror	PG-13	http://www.imdb.com/title/tt0218619/
293	254	7.20009855	Porky's Revenge	1985	Comedy	R	http://www.imdb.com/title/tt0089826/
294	255	7.200098579	Allan Quatermain and the Lost City of Gold	1987	Adventure	PG	http://www.imdb.com/title/tt0092534/
295	256	7.200098867	Endless Love	1981	Drama	R	http://www.imdb.com/title/tt0082329/
296	257	7.200098915	Johnson Family Vacation	2004	Comedy	PG-13	http://www.imdb.com/title/tt0359517/
297	258	7.200099354	Hot to Trot	1988	Fantasy	PG	http://www.imdb.com/title/tt0095326/
298	259	7.200099376	Woo	1998	Comedy	R	http://www.imdb.com/title/tt0120531/
299	260	7.200099433	Death Wish 4: The Crackdown	1987	Crime Drama	R	http://www.imdb.com/title/tt0092857/
300		7.200099434	Yor, the Hunter from the Future (Italian)	1983	Science Fiction	PG	http://www.imdb.com/title/tt0084935/
301	261	7.20009972	Teddy Bears' Picnic	2002	Comedy	R	http://www.imdb.com/title/tt0250282/
302	262	7.200099756	Frank McKlusky, C.I.	2002	Comedy	PG-13	http://www.imdb.com/title/tt0281865/
303	263	7.200099819	The Curse	1987	Horror	R	http://www.imdb.com/title/tt0092809/
304	264	7.20009992	Ravagers	1979	Science Fiction	PG	http://www.imdb.com/title/tt0079777/
305	265	7.200099934	Schizoid	1980	Mystery	R	http://www.imdb.com/title/tt0081459/
306	266	7.200099939	Penitentiary II	1982	Crime Drama	R	http://www.imdb.com/title/tt0084485/
307	267	7.200099948	The Deadly Trackers	1973	Western	PG	http://www.imdb.com/title/tt0069951/
308		7.200099955	The Driver's Seat (Italian)	1973	Suspense	R	http://www.imdb.com/title/tt0071442/
309	268	7.200099964	The Day My Parents Ran Away	1993	Comedy	PG	http://www.imdb.com/title/tt0106674/
310	269	7.200099966	Bird of Prey (U.S.-Bulgarian)	1996	Suspense	R	http://www.imdb.com/title/tt0115684/
311	270	7.200099968	Inevitable Grace	1994	Thriller	N/A	http://www.imdb.com/title/tt0110136/
312	271	7.200099978	Off the Wall	1983	Comedy	R	http://www.imdb.com/title/tt0086037/
313	272	7.200099981	The Man Who Turned to Stone	1957	Science Fiction	N/A	http://www.imdb.com/title/tt0050675/
314	273	7.200099982	Cuba Crossing	1980	Suspense	R	http://www.imdb.com/title/tt0080580/
315	274	7.200099984	The Caper of the Golden Bulls	1967	Crime Drama	N/A	http://www.imdb.com/title/tt0060209/
316	275	7.200099986	America	1986	Comedy	R	http://www.imdb.com/title/tt0090629/
317	276	7.200099989	The Cat Creeps	1946	Horror	N/A	http://www.imdb.com/title/tt0038401/
318	277	7.40008995	Striptease	1996	Drama	R	http://www.imdb.com/title/tt0117765/
319	278	7.400092681	Look Who's Talking Too	1990	Comedy	PG-13	http://www.imdb.com/title/tt0100050/
320	279	7.40009325	Police Academy 4: Citizens on Patrol	1987	Comedy	PG	http://www.imdb.com/title/tt0093756/
321	280	7.400095509	Nothing But Trouble	1991	Comedy	PG-13	http://www.imdb.com/title/tt0102558/
322	281	7.40009661	HighlanderﾗThe Final Dimension (U.S.-Canadian)	1994	Fantasy	PG-13	http://www.imdb.com/title/tt0110027/
323	282	7.400097399	Pet Sematary II	1992	Horror	R	http://www.imdb.com/title/tt0105128/
324	283	7.400097476	Leprechaun	1993	Horror	R	http://www.imdb.com/title/tt0107387/
325	284	7.400098597	Child's Play 3	1991	Horror	R	http://www.imdb.com/title/tt0103956/
326	285	7.400098634	The Swarm	1978	Science Fiction	PG	http://www.imdb.com/title/tt0078350/
327	286	7.400098927	The Silence of the Hams	1994	Comedy	R	http://www.imdb.com/title/tt0111190/
328	287	7.400098968	Red Scorpion	1989	Action	R	http://www.imdb.com/title/tt0098180/
329	288	7.400099422	Reptilicus	1962	Science Fiction	N/A	http://www.imdb.com/title/tt0056405/
330	289	7.400099469	When Time Ran Out...	1980	Adventure	PG	http://www.imdb.com/title/tt0081747/
331	290	7.400099676	American Gothic	1988	Thriller	R	http://www.imdb.com/title/tt0094642/
332	291	7.400099792	S*P*Y*S	1974	Comedy	PG	http://www.imdb.com/title/tt0072107/
333	292	7.4000998	Bullseye!	1989	Comedy	PG-13	http://www.imdb.com/title/tt0101518/
334	293	7.400099813	Bad Medicine	1985	Comedy	PG-13	http://www.imdb.com/title/tt0088765/
335	294	7.400099845	Slappy and the Stinkers	1998	Comedy	PG	http://www.imdb.com/title/tt0120213/
336	295	7.400099854	Avenging Angel	1985	Crime Drama	R	http://www.imdb.com/title/tt0088757/
337	296	7.400099875	Bloodline	1979	Mystery	R	http://www.imdb.com/title/tt0078879/
338	297	7.400099903	Fire Sale	1977	Comedy	PG	http://www.imdb.com/title/tt0076029/
339	298	7.400099915	Stitches	1985	Comedy	R	http://www.imdb.com/title/tt0090079/
340	299	7.40009992	Bank Robber	1993	Crime Drama	R	http://www.imdb.com/title/tt0106353/
341	300	7.40009993	Madigan's Million	1968	Comedy	G	http://www.imdb.com/title/tt0063303/
342	301	7.400099934	Tarzan, the Ape Man	1959	Adventure	N/A	http://www.imdb.com/title/tt0053335/
343	302	7.400099948	Ambition	1991	Suspense	R	http://www.imdb.com/title/tt0101320/
344	303	7.40009995	The Fifth Floor	1980	Suspense	R	http://www.imdb.com/title/tt0080732/
345		7.400099955	It's Not the Size That Counts (British)	1974	Comedy	R	http://www.imdb.com/title/tt0071677/
346	304	7.400099963	Doin' Time	1985	Comedy	PG	http://www.imdb.com/title/tt0089036/
347	305	7.400099965	Check and Double Check	1930	Comedy	N/A	http://www.imdb.com/title/tt0020758/
348	306	7.400099973	The Phynx	1970	Comedy	M/PG	http://www.imdb.com/title/tt0066221/
349		7.400099976	The Babysitter (Italian-French-German)	1975	Crime Drama	N/A	http://www.imdb.com/title/tt0073205/
350	307	7.400099978	September Storm	1960	Adventure	N/A	http://www.imdb.com/title/tt0054290/
351	308	7.600085664	Showgirls	1995	Drama	NC-17	http://www.imdb.com/title/tt0114436/
352	309	7.600096539	The Crow: City of Angels	1996	Fantasy	R	http://www.imdb.com/title/tt0115986/
353	310	7.600097834	Cyborg	1989	Science Fiction	R	http://www.imdb.com/title/tt0097138/
354	311	7.600097969	Cannonball Run II	1984	Comedy	PG	http://www.imdb.com/title/tt0087032/
355	312	7.600098145	Gone Fishin'	1997	Comedy	PG	http://www.imdb.com/title/tt0119214/
356	313	7.600098938	Graveyard Shift	1990	Horror	R	http://www.imdb.com/title/tt0099697/
357	314	7.600099157	My Baby's Daddy	2004	Comedy	PG-13	http://www.imdb.com/title/tt0332712/
358	315	7.60009925	The Concorde - Airport '79	1979	Adventure	PG	http://www.imdb.com/title/tt0078740/
359	316	7.600099533	Thank God, It's Friday	1978	Comedy	PG	http://www.imdb.com/title/tt0078382/
360		7.600099587	Death Wish V: The Face of Death (Canadian)	1994	Crime Drama	R	http://www.imdb.com/title/tt0109578/
361	317	7.600099612	Rent-a-Cop	1988	Crime Drama	R	http://www.imdb.com/title/tt0095977/
362		7.600099706	Scanners III: The Takeover (Canadian)	1992	Science Fiction	R	http://www.imdb.com/title/tt0105322/
363	318	7.600099748	Getting Away With Murder	1996	Comedy	R	http://www.imdb.com/title/tt0116405/
364	319	7.6000998	Monolith	1994	Science Fiction	R	http://www.imdb.com/title/tt0107597/
365	320	7.600099849	Blue City	1986	Crime Drama	R	http://www.imdb.com/title/tt0090753/
366	321	7.600099852	Leather Jackets	1991	Crime Drama	R	http://www.imdb.com/title/tt0104696/
367	322	7.600099861	Femme Fatale	1991	Drama	R	http://www.imdb.com/title/tt0101866/
368	323	7.600099867	Eyes of a Stranger	1981	Suspense	R	http://www.imdb.com/title/tt0082352/
369	324	7.600099874	The Boogens	1981	Horror	R	http://www.imdb.com/title/tt0082094/
370	325	7.600099917	Frankensteinﾗ1970	1958	Horror	N/A	http://www.imdb.com/title/tt0051630/
371		7.60009992	Dark Obsession (British)	1989	Drama	R	http://www.imdb.com/title/tt0097158/
372	326	7.600099929	The Return	1980	Science Fiction	N/A	http://www.imdb.com/title/tt0081421/
373	327	7.600099931	Players	1979	Drama	PG	http://www.imdb.com/title/tt0079723/
374	328	7.600099944	Sex Kittens Go to College	1960	Comedy	N/A	http://www.imdb.com/title/tt0054298/
375	329	7.600099949	Old Boyfriends	1979	Drama	R	http://www.imdb.com/title/tt0079660/
376	330	7.600099974	Lovespell	1979	Drama	N/A	http://www.imdb.com/title/tt0079492/
377		7.600099974	The Best House in London (British)	1969	Comedy	X	http://www.imdb.com/title/tt0064081/
378		7.600099975	Ghost in the Noonday Sun (British)	1973	Comedy	N/A	http://www.imdb.com/title/tt0070106/
379		7.600099978	The Adventures of Gerard (British-Italian-Swiss)	1970	Comedy	PG	http://www.imdb.com/title/tt0065375/
380	331	7.600099981	Abie's Irish Rose	1946	Comedy	N/A	http://www.imdb.com/title/tt0038283/
381	332	7.80009333	Howard the Duck	1986	Fantasy	PG	http://www.imdb.com/title/tt0091225/
382	333	7.800095671	The Karate Kid III	1989	Comedy-Drama	PG	http://www.imdb.com/title/tt0097647/
383	334	7.800097499	Fair Game	1995	Action	R	http://www.imdb.com/title/tt0113010/
384	335	7.800097913	Half Past Dead	2002	Crime Drama	PG-13	http://www.imdb.com/title/tt0297162/
385	336	7.800098462	Surf Ninjas	1993	Family Fare	PG	http://www.imdb.com/title/tt0108258/
386	337	7.800098891	Robot Monster	1953	Science Fiction	N/A	http://www.imdb.com/title/tt0046248/
387	338	7.800099286	Invasion U.S.A.	1985	Action	R	http://www.imdb.com/title/tt0089348/
388	339	7.800099396	Amityville II: The Possession	1982	Horror	R	http://www.imdb.com/title/tt0083550/
389	340	7.800099429	Firewalker	1986	Adventure	PG	http://www.imdb.com/title/tt0091055/
390	341	7.800099437	Class of Nuke 'Em High	1986	Horror	PG-13	http://www.imdb.com/title/tt0090849/
391	342	7.800099479	Cheech & Chong's The Corsican Brothers	1984	Comedy	PG	http://www.imdb.com/title/tt0087042/
392		7.800099633	The Fiendish Plot of Dr. Fu Manchu (British)	1980	Comedy	PG	http://www.imdb.com/title/tt0080731/
393	343	7.800099638	Walk Like a Man	1987	Comedy	PG	http://www.imdb.com/title/tt0094288/
394	344	7.800099703	Coming Soon	2000	Comedy	R	http://www.imdb.com/title/tt0150176/
395	345	7.800099704	Love Crimes	1992	Thriller	R	http://www.imdb.com/title/tt0102340/
396	346	7.800099758	The Squeeze	1987	Comedy	PG-13	http://www.imdb.com/title/tt0094021/
397	347	7.800099765	The Manitou	1978	Horror	PG	http://www.imdb.com/title/tt0077904/
398	348	7.800099829	Illegally Yours	1988	Comedy	PG	http://www.imdb.com/title/tt0095357/
399		7.800099835	They Came From Beyond Space (British)	1967	Science Fiction	N/A	http://www.imdb.com/title/tt0062360/
400	349	7.800099889	Drum	1976	Drama	R	http://www.imdb.com/title/tt0074437/
401	350	7.800099896	The Adventurers	1970	Drama	PG	http://www.imdb.com/title/tt0065374/
402	351	7.800099903	The Invisible Kid	1988	Science Fiction	PG	http://www.imdb.com/title/tt0095381/
403	352	7.800099905	Psychic Killer	1975	Thriller	PG	http://www.imdb.com/title/tt0073586/
404	353	7.800099907	Boy, Did I Get a Wrong Number!	1966	Comedy	N/A	http://www.imdb.com/title/tt0060186/
405	354	7.800099911	A Fool and His Money	1988	Comedy	R	http://www.imdb.com/title/tt0098185/
406	355	7.800099925	A Matter of Time	1976	Drama	PG	http://www.imdb.com/title/tt0074878/
407	356	7.800099938	Denial	1991	Drama	R	http://www.imdb.com/title/tt0101707/
408	357	7.800099953	Impulse	1974	Crime Drama	PG	http://www.imdb.com/title/tt0071654/
409	358	7.800099957	Uncle Joe Shannon	1978	Drama	PG	http://www.imdb.com/title/tt0078442/
410		7.80009996	Game for Vultures (British)	1979	Drama	R	http://www.imdb.com/title/tt0079191/
411	359	7.800099966	Don't Knock the Twist	1962	Musical	N/A	http://www.imdb.com/title/tt0055922/
412		7.800099966	American Roulette (British-Australian)	1988	Suspense	R	http://www.imdb.com/title/tt0094644/
413	360	7.800099967	Chrome and Hot Leather	1971	Crime Drama	PG	http://www.imdb.com/title/tt0066915/
414	361	7.800099982	The Ski Bum	1971	Drama	R	http://www.imdb.com/title/tt0067761/
415		7.800099986	Afurika Monogatari (Japanese)	1981	Drama	N/A	http://www.imdb.com/title/tt0081987/
416	362	8.000097508	The Patriot	1998	Action	R	http://www.imdb.com/title/tt0120786/
417	363	8.000097559	Who's That Girl?	1987	Comedy	PG	http://www.imdb.com/title/tt0094321/
418	364	8.000097893	Wild Orchid	1990	Drama	R	http://www.imdb.com/title/tt0100934/
419	365	8.000098319	Return to the Blue Lagoon	1991	Adventure	PG-13	http://www.imdb.com/title/tt0102782/
420	366	8.00009843	Even Cowgirls Get the Blues	1994	Drama	R	http://www.imdb.com/title/tt0106834/
421	367	8.000098635	The In Crowd	2000	Thriller	PG-13	http://www.imdb.com/title/tt0163676/
422	368	8.000099158	Two of a Kind	1983	Fantasy	PG	http://www.imdb.com/title/tt0086494/
423	369	8.000099177	Satisfaction	1988	Drama	PG-13	http://www.imdb.com/title/tt0096037/
424	370	8.00009936	Destiny Turns On the Radio	1995	Fantasy	R	http://www.imdb.com/title/tt0112854/
425	371	8.000099447	Myra Breckinridge	1970	Comedy	R	http://www.imdb.com/title/tt0066115/
426	372	8.000099587	Christopher ColumbusﾗThe Discovery (U.S.-Spanish)	1992	Adventure	PG-13	http://www.imdb.com/title/tt0103962/
427	373	8.000099677	The Trial of Billy Jack	1974	Action	PG	http://www.imdb.com/title/tt0072317/
428	374	8.000099764	The Beast Within	1982	Horror	R	http://www.imdb.com/title/tt0083629/
429	375	8.000099787	The Care Bears Movie II: A New Generation	1986	Fantasy	G	http://www.imdb.com/title/tt0090799/
430	376	8.000099805	Beyond Therapy	1987	Comedy	R	http://www.imdb.com/title/tt0092646/
431	377	8.000099866	The Supernaturals	1986	Fantasy	R	http://www.imdb.com/title/tt0092030/
432	378	8.000099888	Night School	1981	Thriller	R	http://www.imdb.com/title/tt0082812/
433	379	8.000099929	The Doll Squad	1973	Action	PG	http://www.imdb.com/title/tt0069986/
434	380	8.000099939	Sincerely Yours	1955	Drama	N/A	http://www.imdb.com/title/tt0048623/
435	381	8.000099942	Hollywood Vice Squad	1986	Comedy	R	http://www.imdb.com/title/tt0091213/
436	382	8.000099943	The Christine Jorgensen Story	1970	Biography	R	http://www.imdb.com/title/tt0065549/
437	383	8.000099944	In the Shadow of Kilimanjaro (U.S.-British-Kenya)	1986	Thriller	R	http://www.imdb.com/title/tt0091264/
438	384	8.000099945	Creation of the Humanoids	1962	Science Fiction	N/A	http://www.imdb.com/title/tt0055872/
439	385	8.000099949	Jennifer on My Mind	1971	Drama	R	http://www.imdb.com/title/tt0067266/
440	386	8.000099956	Doctor, You've Got to Be Kidding	1967	Comedy	N/A	http://www.imdb.com/title/tt0061585/
441	387	8.000099958	Nobody's Perfekt	1981	Comedy	PG	http://www.imdb.com/title/tt0082822/
442	388	8.000099966	Thieves	1977	Comedy	PG	http://www.imdb.com/title/tt0076815/
443	389	8.000099968	A Fine Pair	1968	Crime Drama	M/PG	http://www.imdb.com/title/tt0064329/
444		8.000099969	Your Ticket Is No Longer Valid (Canadian)	1979	Drama	N/A	http://www.imdb.com/title/tt0080164/
445	390	8.000099978	Hometown USA	1979	Comedy	R	http://www.imdb.com/title/tt0079304/
446	391	8.000099982	Second Thoughts	1983	Comedy-Drama	PG	http://www.imdb.com/title/tt0086269/
447	392	8.200095753	Over the Top	1987	Drama	PG	http://www.imdb.com/title/tt0093692/
448	393	8.200096434	My Boss's Daughter	2003	Comedy	PG-13	http://www.imdb.com/title/tt0270980/
449		8.20009877	The Pirate Movie (Australian)	1982	Musical	PG	http://www.imdb.com/title/tt0084504/
450	394	8.20009898	Johnny Be Good	1988	Comedy	R	http://www.imdb.com/title/tt0095409/
451	395	8.200099154	Private School	1983	Comedy	R	http://www.imdb.com/title/tt0086143/
452	396	8.200099198	Sheena	1984	Adventure	PG	http://www.imdb.com/title/tt0088103/
453	397	8.200099282	Solarbabies	1986	Science Fiction	PG-13	http://www.imdb.com/title/tt0091981/
454	398	8.200099293	Stroker Ace	1983	Comedy	PG	http://www.imdb.com/title/tt0086379/
455	399	8.200099423	C.H.U.D.	1984	Horror	R	http://www.imdb.com/title/tt0087015/
456	400	8.200099541	Folks!	1992	Comedy	PG-13	http://www.imdb.com/title/tt0104283/
457	401	8.200099543	Doppelganger: The Evil Within	1992	Horror	R	http://www.imdb.com/title/tt0106753/
458	402	8.200099717	Which Way to the Front?	1970	Comedy	G	http://www.imdb.com/title/tt0066564/
459	403	8.200099728	Wired	1989	Biography	R	http://www.imdb.com/title/tt0098660/
460	404	8.200099764	The Rescue	1988	Action	PG	http://www.imdb.com/title/tt0095981/
461		8.200099774	The Incubus (Canadian)	1982	Horror	R	http://www.imdb.com/title/tt0084133/
462		8.2000998	The Hound of the Baskervilles (British)	1978	Comedy	N/A	http://www.imdb.com/title/tt0076161/
463	405	8.200099837	Teresa's Tattoo	1993	Comedy	R	http://www.imdb.com/title/tt0111397/
464	406	8.20009985	Avalanche Express	1979	Adventure	PG	http://www.imdb.com/title/tt0078812/
465	407	8.200099864	Hurricane	1979	Adventure	PG	http://www.imdb.com/title/tt0079319/
466	408	8.200099879	The Wind	1987	Suspense	N/A	http://www.imdb.com/title/tt0094327/
467	409	8.200099887	Jacqueline Susann's Once Is Not Enough	1975	Drama	R	http://www.imdb.com/title/tt0073190/
468	410	8.200099894	Gable and Lombard	1976	Biography	R	http://www.imdb.com/title/tt0074562/
469	411	8.200099932	They're Playing With Fire	1984	Thriller	R	http://www.imdb.com/title/tt0088255/
470	412	8.200099953	Courage	1984	Thriller	R	http://www.imdb.com/title/tt0087092/
471	413	8.200099967	Some Kind of a Nut	1969	Comedy	M/PG	http://www.imdb.com/title/tt0065010/
472		8.200099972	Lock Up Your Daughters! (British)	1969	Crime Drama	R	http://www.imdb.com/title/tt0064597/
473	414	8.200099982	Panic Button	1964	Comedy	N/A	http://www.imdb.com/title/tt0058446/
474	415	8.200099983	Las Vegas Lady	1976	Crime Drama	PG	http://www.imdb.com/title/tt0074775/
475	416	8.400097959	Hellraiser: Bloodline	1996	Horror	R	http://www.imdb.com/title/tt0116514/
476	417	8.400098524	Transylvania 6-5000	1985	Comedy	PG	http://www.imdb.com/title/tt0090196/
477	418	8.400098919	Fire Birds	1990	Action	PG-13	http://www.imdb.com/title/tt0099575/
478	419	8.400099271	Private Resort	1985	Comedy	R	http://www.imdb.com/title/tt0089839/
479	420	8.400099585	National Lampoon's Class Reunion	1982	Comedy	R	http://www.imdb.com/title/tt0084395/
480		8.4000996	The Perils of Gwendoline in the Land of the Yik Yak (French)	1984	Comedy	R	http://www.imdb.com/title/tt0087903/
481	421	8.400099651	Critical Condition	1987	Comedy	R	http://www.imdb.com/title/tt0092798/
482	422	8.400099703	Kicked in the Head	1997	Comedy	R	http://www.imdb.com/title/tt0119457/
483	423	8.400099758	The Men's Club	1986	Drama	R	http://www.imdb.com/title/tt0091508/
484		8.400099774	1990: The Bronx Warriors (Italian)	1983	Action	R	http://www.imdb.com/title/tt0085124/
485	424	8.400099789	Chained Heat (U.S.-German)	1983	Crime Drama	R	http://www.imdb.com/title/tt0085318/
486	425	8.400099808	The Seduction	1982	Suspense	R	http://www.imdb.com/title/tt0084652/
487	426	8.400099819	Superdad	1974	Family Fare	G	http://www.imdb.com/title/tt0072229/
488	427	8.400099822	The Ambushers	1968	Action	N/A	http://www.imdb.com/title/tt0062657/
489	428	8.400099841	Me and Him (U.S.-West German)	1989	Fantasy	R	http://www.imdb.com/title/tt0093240/
490		8.400099842	Escape 2000 (Australian)	1981	Action	R	http://www.imdb.com/title/tt0082338/
491	429	8.400099846	Wild Guitar	1962	Drama	N/A	http://www.imdb.com/title/tt0056693/
492	430	8.400099888	Final ChapterﾗWalking Tall	1977	Crime Drama	R	http://www.imdb.com/title/tt0076028/
493	431	8.400099906	Hook, Line & Sinker	1969	Comedy	G	http://www.imdb.com/title/tt0064439/
494	432	8.400099917	Sonny Boy	1990	Horror	R	http://www.imdb.com/title/tt0100661/
495		8.400099927	The Comeback (British)	1978	Crime Drama	R	http://www.imdb.com/title/tt0077357/
496		8.40009994	Shoot (Canadian)	1976	Action	R	http://www.imdb.com/title/tt0075212/
497		8.400099954	The Great Battle (German-Yugoslavian)	1978	War	PG	http://www.imdb.com/title/tt0076102/
498		8.400099958	Sky Bandits (British)	1986	Action	PG	http://www.imdb.com/title/tt0091963/
499		8.400099976	Woman Hunt (U.S.-Philippine)	1972	Crime Drama	R	http://www.imdb.com/title/tt0069509/
500	433	8.400099991	Babes in Bagdad (U.S.-British-Spanish)	1952	Comedy	N/A	http://www.imdb.com/title/tt0044389/
501	434	8.600093592	Virus (U.S.-Japanese-German)	1999	Science Fiction	R	http://www.imdb.com/title/tt0120458/
502	435	8.600096583	Maximum Overdrive	1986	Horror	R	http://www.imdb.com/title/tt0091499/
503	436	8.600096863	The Scarlet Letter	1995	Drama	R	http://www.imdb.com/title/tt0114345/
504	437	8.600097446	Pootie Tang	2001	Comedy	PG-13	http://www.imdb.com/title/tt0258038/
505	438	8.600097477	The Fly II	1989	Science Fiction	R	http://www.imdb.com/title/tt0097368/
506	439	8.6000984	V.I. Warshawski	1991	Crime Drama	R	http://www.imdb.com/title/tt0103184/
507	440	8.600099617	The Burning	1981	Thriller	R	http://www.imdb.com/title/tt0082118/
508	441	8.600099742	Snow White and the Three Stooges	1961	Comedy	G	http://www.imdb.com/title/tt0055458/
509	442	8.600099761	Stars and Bars	1988	Comedy	R	http://www.imdb.com/title/tt0096166/
510	443	8.600099764	The Prisoner of Zenda	1979	Comedy	PG	http://www.imdb.com/title/tt0079753/
511	444	8.600099816	Pepe	1960	Musical	N/A	http://www.imdb.com/title/tt0054172/
512	445	8.600099821	Dollman	1991	Science Fiction	R	http://www.imdb.com/title/tt0101751/
513	446	8.600099832	The Klansman	1974	Drama	R	http://www.imdb.com/title/tt0071721/
514	447	8.600099835	The Girl in a Swing (U.S.-British)	1989	Drama	R	http://www.imdb.com/title/tt0097435/
515	448	8.600099853	Rosebud	1975	Action	PG	http://www.imdb.com/title/tt0073637/
516	449	8.600099864	Satan's Sadists	1970	Action	R	http://www.imdb.com/title/tt0064939/
517	450	8.600099886	Portnoy's Complaint	1972	Comedy	R	http://www.imdb.com/title/tt0069112/
518		8.600099888	Horror on Snape Island (British)	1972	Thriller	R	http://www.imdb.com/title/tt0068716/
519	451	8.600099896	Lookin' to Get Out	1982	Comedy	R	http://www.imdb.com/title/tt0084268/
520	452	8.6000999	How to Make a Monster	1958	Suspense	N/A	http://www.imdb.com/title/tt0051746/
521		8.600099933	The Day the Fish Came Out (Greek-British)	1967	Comedy	N/A	http://www.imdb.com/title/tt0061553/
522	453	8.600099947	The Savage is Loose	1974	Drama	R	http://www.imdb.com/title/tt0072114/
523	454	8.600099959	Portrait of a Hitman	1977	Crime Drama	R	http://www.imdb.com/title/tt0076561/
524	455	8.600099963	The Great Waltz	1972	Biography	G	http://www.imdb.com/title/tt0068662/
525	456	8.600099967	Jenny	1970	Drama	M/PG	http://www.imdb.com/title/tt0064510/
526	457	8.600099969	Ten Who Dared	1960	Adventure	N/A	http://www.imdb.com/title/tt0054372/
527	458	8.600099978	Docks of New Orleans	1948	Mystery	N/A	http://www.imdb.com/title/tt0040296/
528	459	8.600099991	Hallucination Generation	1966	Drama	N/A	http://www.imdb.com/title/tt0060488/
529	460	8.800093124	Driven	2001	Action	PG-13	http://www.imdb.com/title/tt0132245/
530		8.800095514	The Musketeer (German-U.S.-Luxembourg)	2001	Action	PG-13	http://www.imdb.com/title/tt0246544/
531	461	8.800096225	Highlander: Endgame	2000	Fantasy	R	http://www.imdb.com/title/tt0144964/
532	462	8.800096781	Drop Dead Fred	1991	Fantasy	PG-13	http://www.imdb.com/title/tt0101775/
533	463	8.800096888	Hanging Up	2000	Drama	PG-13	http://www.imdb.com/title/tt0162983/
534	464	8.80009925	Haunted Honeymoon	1986	Fantasy	PG	http://www.imdb.com/title/tt0091178/
535	465	8.800099483	Fatal Beauty	1987	Crime Drama	R	http://www.imdb.com/title/tt0093011/
536		8.800099576	Happy Birthday to Me (Canadian)	1981	Mystery	R	http://www.imdb.com/title/tt0082498/
537	466	8.800099587	Attack of the 50 Ft. Woman	1958	Science Fiction	N/A	http://www.imdb.com/title/tt0051380/
538	467	8.80009965	Lipstick	1976	Crime Drama	R	http://www.imdb.com/title/tt0074802/
539	468	8.800099713	Platoon Leader	1988	War Drama	R	http://www.imdb.com/title/tt0095877/
540	469	8.800099732	Homer and Eddie	1990	Drama	R	http://www.imdb.com/title/tt0097521/
541	470	8.800099789	Jake Speed	1986	Action	PG	http://www.imdb.com/title/tt0091282/
542	471	8.800099806	Modern Girls	1986	Drama	PG-13	http://www.imdb.com/title/tt0091534/
543	472	8.800099824	Crawlspace	1986	Suspense	R	http://www.imdb.com/title/tt0090881/
544	473	8.800099837	Dudes	1987	Thriller	R	http://www.imdb.com/title/tt0092933/
545	474	8.800099873	Capone	1975	Crime Drama	R	http://www.imdb.com/title/tt0072761/
546		8.800099876	Women in Cages (U.S.-Philippine)	1972	Crime Drama	R	http://www.imdb.com/title/tt0067995/
547		8.800099906	A Town Called Hell (British-Spanish)	1971	Action	R	http://www.imdb.com/title/tt0067870/
548	475	8.800099913	The Black Bird	1975	Comedy	PG	http://www.imdb.com/title/tt0072706/
549	476	8.800099946	The Wicked Dreams of Paula Schultz	1968	Comedy	N/A	http://www.imdb.com/title/tt0063805/
550	477	8.80009996	The Cycle Savages	1969	Action	R	http://www.imdb.com/title/tt0065604/
551	478	8.800099968	The Doomsday Machine	1972	Science Fiction	N/A	http://www.imdb.com/title/tt0061592/
552		8.800099982	Kiss the Other Sheik (Italian-French)	1965	Comedy	N/A	http://www.imdb.com/title/tt0059535/
553	479	9.000095404	Darkness Falls	2003	Horror	PG-13	http://www.imdb.com/title/tt0282209/
554	480	9.000098026	Eight Crazy Nights	2002	Comedy	PG-13	http://www.imdb.com/title/tt0271263/
555	481	9.000097105	Friday the 13thﾗThe Final Chapter	1984	Horror	R	http://www.imdb.com/title/tt0087298/
556	482	9.000098691	Revolution	1985	War Drama	PG	http://www.imdb.com/title/tt0089913/
557	483	9.000098772	Grind	2003	Comedy	PG-13	http://www.imdb.com/title/tt0338077/
558	484	9.000099015	Like Father, Like Son	1987	Fantasy	PG-13	http://www.imdb.com/title/tt0093418/
559	485	9.000099551	A Smile Like Yours	1997	Comedy	R	http://www.imdb.com/title/tt0120151/
560	486	9.000099557	Date With an Angel	1987	Fantasy	PG	http://www.imdb.com/title/tt0092834/
561	487	9.000099595	Out on a Limb	1992	Comedy	PG	http://www.imdb.com/title/tt0105078/
562	488	9.000099615	Eddie and the Cruisers II: Eddie Lives!	1989	Drama	PG-13	http://www.imdb.com/title/tt0097262/
563	489	9.000099677	TerrorVision	1986	Science Fiction	R	http://www.imdb.com/title/tt0092074/
564	490	9.000099682	Silent Tongue	1994	Western	PG-13	http://www.imdb.com/title/tt0108135/
565	491	9.000099759	Pyrates	1991	Fantasy	R	http://www.imdb.com/title/tt0102733/
566	492	9.00009977	The Opposite Sex (And How to Live With Them)	1993	Comedy	R	http://www.imdb.com/title/tt0105063/
567		9.000099849	The Chosen (Italian-British)	1978	Horror	PG	http://www.imdb.com/title/tt0077332/
568	493	9.000099861	Charro!	1969	Western	G	http://www.imdb.com/title/tt0064155/
569	494	9.00009987	Quiet Days in Hollywood (German-U.S.)	1996	Comedy-Drama	R	http://www.imdb.com/title/tt0114216/
570		9.000099871	Undercovers Hero (British)	1974	Comedy	R	http://www.imdb.com/title/tt0070855/
571	495	9.000099902	Baby Snakes	1979	Musical	R	http://www.imdb.com/title/tt0078820/
572	496	9.000099926	Eight on the Lam	1967	Comedy	N/A	http://www.imdb.com/title/tt0061617/
573		9.000099928	Bye Bye Monkey (French-Italian)	1978	Comedy	N/A	http://www.imdb.com/title/tt0075848/
574	497	9.000099953	Fireball 500	1966	Drama	N/A	http://www.imdb.com/title/tt0060415/
575		9.000099957	The High Country (Canadian)	1981	Crime Drama	PG	http://www.imdb.com/title/tt0082515/
576	498	9.00009996	Night Creature	1978	Thriller	PG	http://www.imdb.com/title/tt0079626/
577	499	9.000099961	Hot Rod Girl	1956	Drama	N/A	http://www.imdb.com/title/tt0049335/
578	500	9.000099962	Killers Three	1968	Crime Drama	M/PG	http://www.imdb.com/title/tt0063184/
579	501	9.000099966	Wicked, Wicked	1973	Thriller	PG	http://www.imdb.com/title/tt0070916/
580	502	9.000099972	Duffy's Tavern	1945	Comedy	N/A	http://www.imdb.com/title/tt0037662/
581	503	9.200087255	Dude, Where's My Car?	2000	Comedy	PG-13	http://www.imdb.com/title/tt0242423/
582	504	9.200093691	Police Academy 2: Their First Assignment	1985	Comedy	PG-13	http://www.imdb.com/title/tt0089822/
583	505	9.200094853	Tomcats	2001	Comedy	R	http://www.imdb.com/title/tt0246989/
584	506	9.200097169	Friday the 13th, Part VI: Jason Lives	1986	Horror	R	http://www.imdb.com/title/tt0091080/
585	507	9.200097755	Corky Romano	2001	Comedy	PG-13	http://www.imdb.com/title/tt0250310/
586	508	9.200098625	Shadow Conspiracy	1997	Suspense	R	http://www.imdb.com/title/tt0120107/
587	509	9.200098687	Boat Trip	2003	Comedy	R	http://www.imdb.com/title/tt0285462/
588	510	9.200099063	Celtic Pride	1996	Comedy-Drama	PG-13	http://www.imdb.com/title/tt0115851/
589	511	9.200099557	The Exterminator	1980	Action	R	http://www.imdb.com/title/tt0080707/
590	512	9.200099583	Shout	1991	Drama	PG-13	http://www.imdb.com/title/tt0102913/
591		9.200099744	Visiting Hours (Canadian)	1982	Thriller	R	http://www.imdb.com/title/tt0083296/
592	513	9.200099765	The Domino Principle	1977	Thriller	R	http://www.imdb.com/title/tt0075950/
593	514	9.200099772	The Whoopee Boys	1986	Comedy	R	http://www.imdb.com/title/tt0092210/
594	515	9.200099784	Everybody Wins	1990	Crime Drama	R	http://www.imdb.com/title/tt0099520/
595		9.200099789	Lady Frankenstein (Italian)	1971	Horror	R	http://www.imdb.com/title/tt0067321/
596	516	9.200099792	Ten Little Indians	1989	Mystery	PG	http://www.imdb.com/title/tt0098454/
597	517	9.200099793	The Choirboys	1977	Comedy	R	http://www.imdb.com/title/tt0075845/
598	518	9.200099805	Hysterical	1983	Comedy	PG	http://www.imdb.com/title/tt0085704/
599		9.200099814	Going Berserk (Canadian)	1983	Comedy	R	http://www.imdb.com/title/tt0085603/
600	519	9.200099844	Werewolf in a Girl's Dormitory	1961	Horror	N/A	http://www.imdb.com/title/tt0055106/
601	520	9.200099849	Caught Up	1998	Crime Drama	R	http://www.imdb.com/title/tt0119988/
602	521	9.200099885	Caprice	1967	Comedy	N/A	http://www.imdb.com/title/tt0061447/
603	522	9.200099898	Blood and Lace	1971	Crime Drama	PG	http://www.imdb.com/title/tt0066848/
604	523	9.200099922	Superfly T.N.T.	1973	Crime Drama	R	http://www.imdb.com/title/tt0070753/
605		9.200099942	Pope Joan (British)	1972	Drama	PG	http://www.imdb.com/title/tt0069110/
606	524	9.200099964	Good Luck, Miss Wyckoff	1979	Drama	R	http://www.imdb.com/title/tt0079228/
607	525	9.200099972	Bad Love	1992	Drama	R	http://www.imdb.com/title/tt0104766/
608	526	9.200099985	Violated	1984	Crime Drama	R	http://www.imdb.com/title/tt0088356/
609	527	9.400090768	Psycho	1998	Thriller	R	http://www.imdb.com/title/tt0155975/
610	528	9.400093986	Popeye	1980	Musical	PG	http://www.imdb.com/title/tt0081353/
611	529	9.400095076	Ready to Wear (Pr�t-�-Porter)	1994	Comedy-Drama	R	http://www.imdb.com/title/tt0110907/
612	530	9.400095745	Color of Night	1994	Thriller	R	http://www.imdb.com/title/tt0109456/
613	531	9.400096184	Slackers	2002	Comedy	R	http://www.imdb.com/title/tt0240900/
614	532	9.400096515	The Next Best Thing	2000	Drama	PG-13	http://www.imdb.com/title/tt0156841/
615	533	9.400096838	Down to You	2000	Comedy	PG-13	http://www.imdb.com/title/tt0186975/
616	534	9.400098078	Captain Ron	1992	Comedy	PG-13	http://www.imdb.com/title/tt0103924/
617	535	9.400098465	Valley of the Dolls	1967	Drama	N/A	http://www.imdb.com/title/tt0062430/
618	536	9.400099374	The Jazz Singer	1980	Musical	PG	http://www.imdb.com/title/tt0080948/
619		9.400099553	Godzilla 1985 (Japanese)	1985	Science Fiction	PG	http://www.imdb.com/title/tt0087344/
620	537	9.400099612	The Tie That Binds	1995	Suspense	R	http://www.imdb.com/title/tt0114666/
621		9.400099699	The Dark Side of the Sun (Canadian)	1997	Drama	R	http://www.imdb.com/title/tt0118930/
622	538	9.400099713	Band of the Hand	1986	Action	R	http://www.imdb.com/title/tt0090693/
623	539	9.400099737	Partners	1982	Comedy	R	http://www.imdb.com/title/tt0084477/
624	540	9.400099792	Way... Way Out	1966	Comedy	N/A	http://www.imdb.com/title/tt0061173/
625	541	9.400099832	In God We Tru$t	1980	Comedy	PG	http://www.imdb.com/title/tt0080917/
626		9.400099913	DigbyﾗThe Biggest Dog in the World (British)	1974	Science Fiction	G	http://www.imdb.com/title/tt0069974/
627	542	9.400099924	Verne Miller	1987	Drama	R	http://www.imdb.com/title/tt0094255/
628	543	9.400099925	The Revengers	1972	Action	PG	http://www.imdb.com/title/tt0069179/
629		9.400099951	Four Sided Triangle (British)	1953	Science Fiction	N/A	http://www.imdb.com/title/tt0045787/
630		9.400099964	Highpoint (Canadian)	1980	Comedy	PG	http://www.imdb.com/title/tt0080872/
631		9.40009997	Spring Fever (Canadian)	1983	Comedy	PG	http://www.imdb.com/title/tt0084718/
632		9.400099991	Killing 'em Softly (Canadian)	1985	Crime Drama	N/A	http://www.imdb.com/title/tt0084206/
633		9.400099993	Journey (Canadian)	1972	Drama	PG	http://www.imdb.com/title/tt0068774/
634	544	9.600096314	Friday the 13th, Part 2	1981	Horror	R	http://www.imdb.com/title/tt0082418/
635	545	9.600096757	The Texas Chainsaw Massacre 2	1986	Horror	R	http://www.imdb.com/title/tt0092076/
636	546	9.600096888	Surviving Christmas	2004	Comedy	PG-13	http://www.imdb.com/title/tt0252028/
637	547	9.600097879	Screwed	2000	Comedy	PG-13	http://www.imdb.com/title/tt0156323/
638	548	9.600098089	Once Bitten	1985	Comedy	PG-13	http://www.imdb.com/title/tt0089730/
639	549	9.600098256	Shocker	1989	Horror	R	http://www.imdb.com/title/tt0098320/
640	550	9.600098485	Still Smokin'	1983	Comedy	R	http://www.imdb.com/title/tt0086366/
641	551	9.60009853	Double Take	2001	Crime Drama	PG-13	http://www.imdb.com/title/tt0238948/
642	552	9.600098846	High Spirits	1988	Fantasy	PG-13	http://www.imdb.com/title/tt0095304/
643	553	9.600098891	Shakes the Clown	1991	Comedy	R	http://www.imdb.com/title/tt0102898/
644	554	9.600099077	Death Wish II	1982	Crime Drama	R	http://www.imdb.com/title/tt0082250/
645	555	9.600099317	The Rich Man's Wife	1996	Crime Drama	R	http://www.imdb.com/title/tt0117473/
646	556	9.600099369	8 Million Ways to Die	1986	Crime Drama	R	http://www.imdb.com/title/tt0090568/
647	557	9.600099373	Dangerous Game	1993	Drama	R	http://www.imdb.com/title/tt0106660/
648		9.600099491	Andy Warhol's Frankenstein (Italian-German-French)	1974	Horror	R	http://www.imdb.com/title/tt0071508/
649	558	9.600099552	Dead Heat	1988	Horror	R	http://www.imdb.com/title/tt0094961/
650	559	9.600099555	The Island	1980	Thriller	R	http://www.imdb.com/title/tt0080934/
651	560	9.600099635	Lust in the Dust	1985	Western	R	http://www.imdb.com/title/tt0089523/
652	561	9.600099709	Bobby Deerfield	1977	Drama	PG	http://www.imdb.com/title/tt0075774/
653		9.60009979	The Tempter (Italian)	1974	Horror	R	http://www.imdb.com/title/tt0071150/
654		9.600099844	Francesco (Italian-German)	1989	Biography	PG-13	http://www.imdb.com/title/tt0097383/
655	562	9.600099861	The Last Woman on Earth	1960	Science Fiction	N/A	http://www.imdb.com/title/tt0054017/
656		9.600099862	King Kong Escapes (Japanese)	1967	Science Fiction	G	http://www.imdb.com/title/tt0061868/
657	563	9.600099906	Hansel & Gretel	2002	Fantasy	PG	http://www.imdb.com/title/tt0293832/
658	564	9.600099919	The Poppy Is Also a Flower	1966	Drama	N/A	http://www.imdb.com/title/tt0060848/
659		9.600099944	A Place for Lovers (Italian-French)	1968	Drama	R	http://www.imdb.com/title/tt0062656/
660		9.600099946	The Berlin Affair (Italian-West German)	1985	Drama	R	http://www.imdb.com/title/tt0088789/
661	565	9.600099956	Touch and Die	1991	Thriller	R	http://www.imdb.com/title/tt0103108/
662		9.600099965	The Statue (British)	1970	Comedy	R	http://www.imdb.com/title/tt0067791/
663	566	9.600099969	The Cool Ones	1967	Musical	N/A	http://www.imdb.com/title/tt0061514/
664		9.60009997	Final Assignment (Canadian)	1980	Suspense	PG	http://www.imdb.com/title/tt0080735/
665	567	9.600099976	I Loved a Woman	1933	Drama	N/A	http://www.imdb.com/title/tt0024160/
666	568	9.60009999	All the Queen's Men (U.S.-Australian-German-Hungarian)	2002	Comedy	PG-13	http://www.imdb.com/title/tt0252223/
667	569	9.800091817	The Whole Ten Yards	2004	Comedy	PG-13	http://www.imdb.com/title/tt0327247/
668	570	9.800095674	Mannequin	1987	Fantasy	PG	http://www.imdb.com/title/tt0093493/
669	571	9.80009623	The Animal	2001	Science Fiction	PG-13	http://www.imdb.com/title/tt0255798/
670	572	9.800096904	The Bonfire of the Vanities	1990	Comedy-Drama	R	http://www.imdb.com/title/tt0099165/
671	573	9.80009736	Boys and Girls	2000	Comedy	PG-13	http://www.imdb.com/title/tt0204175/
672	574	9.800098165	The Green Berets	1968	War	G	http://www.imdb.com/title/tt0063035/
673	575	9.800098682	Body Shots	1999	Drama	R	http://www.imdb.com/title/tt0172627/
674	576	9.800099165	Silent Night, Deadly Night	1984	Thriller	R	http://www.imdb.com/title/tt0088117/
675	577	9.800099309	Under the Rainbow	1981	Comedy	PG	http://www.imdb.com/title/tt0083254/
676	578	9.800099419	Mame	1974	Musical	PG	http://www.imdb.com/title/tt0071803/
677	579	9.800099455	Half Moon Street	1986	Drama	R	http://www.imdb.com/title/tt0091164/
678	580	9.800099572	Black Moon Rising	1986	Crime Drama	R	http://www.imdb.com/title/tt0090735/
679		9.800099624	Hotel (British-Italian)	2002	Drama	N/A	http://www.imdb.com/title/tt0278487/
680		9.800099718	The Bible (Italian)	1966	Fantasy	N/A	http://www.imdb.com/title/tt0060164/
681		9.80009973	Lady Chatterley's Lover (French-British)	1981	Drama	R	http://www.imdb.com/title/tt0082640/
682	581	9.800099829	Night of Dark Shadows	1971	Horror	PG	http://www.imdb.com/title/tt0067491/
683	582	9.800099835	Kansas	1988	Crime Drama	R	http://www.imdb.com/title/tt0095428/
684		9.800099839	Man on Fire (French-Italian)	1987	Crime Drama	R	http://www.imdb.com/title/tt0093489/
685		9.800099841	The Amateur (Canadian)	1982	Action	R	http://www.imdb.com/title/tt0082005/
686	583	9.800099847	The Hunting Party	1971	Western	R	http://www.imdb.com/title/tt0067224/
687	584	9.800099899	Where Does It Hurt?	1972	Comedy	R	http://www.imdb.com/title/tt0069497/
688	585	9.800099908	Turtle Beach (Australian)	1992	Drama	R	http://www.imdb.com/title/tt0103141/
689	586	9.800099942	The Big Noise	1944	Comedy	N/A	http://www.imdb.com/title/tt0036644/
690	587	9.800099963	Sweet Country	1986	Drama	R	http://www.imdb.com/title/tt0092034/
691		9.800099969	Any Gun Can Play (Italian-Spanish)	1967	Western	N/A	http://www.imdb.com/title/tt0062429/
692	588	10.00009104	The Tuxedo	2002	Action	PG-13	http://www.imdb.com/title/tt0290095/
693	589	10.00009815	Bubble Boy	2001	Comedy	PG-13	http://www.imdb.com/title/tt0258470/
694	590	10.00009828	RocketMan	1997	Comedy	PG	http://www.imdb.com/title/tt0120029/
695	591	10.00009858	Vulgar	2002	Drama	R	http://www.imdb.com/title/tt0120467/
696	592	10.0000987	Hideaway	1995	Horror	R	http://www.imdb.com/title/tt0113303/
697	593	10.00009914	Wisdom	1986	Crime Drama	R	http://www.imdb.com/title/tt0092225/
698	594	10.00009914	The Sicilian	1987	Biography	R	http://www.imdb.com/title/tt0093966/
699		10.00009928	Twentynine Palms (French-German)	2003	Drama	R	http://www.imdb.com/title/tt0315110/
700	595	10.00009961	Slamdance	1987	Crime Drama	R	http://www.imdb.com/title/tt0093986/
701	596	10.00009972	Body Count	1998	Crime Drama	R	http://www.imdb.com/title/tt0120186/
702	597	10.00009973	Heat	1987	Crime Drama	R	http://www.imdb.com/title/tt0093164/
703	598	10.00009977	Eat the Rich (British)	1987	Comedy	R	http://www.imdb.com/title/tt0092944/
704	599	10.00009979	The Babe Ruth Story	1948	Biography	N/A	http://www.imdb.com/title/tt0040142/
705	600	10.00009981	I Woke Up Early the Day I Died	1999	Comedy	N/A	http://www.imdb.com/title/tt0125211/
706		10.00009984	The Deceivers (British-Indian)	1988	Adventure	PG-13	http://www.imdb.com/title/tt0094979/
707	601	10.00009986	Falling from Grace	1992	Drama	PG-13	http://www.imdb.com/title/tt0104225/
708	602	10.00009986	The Impossible Years	1968	Comedy	G	http://www.imdb.com/title/tt0063128/
709	603	10.00009986	99 and 44/100% Dead	1974	Crime Drama	PG	http://www.imdb.com/title/tt0071089/
710		10.00009995	Paul and Michelle (British)	1974	Drama	R	http://www.imdb.com/title/tt0071978/
711		10.00009995	The Deadly Trap (French-Italian)	1971	Suspense	PG	http://www.imdb.com/title/tt0067382/
712	604	10.00009995	What's Good for the Goose	1969	Comedy	R	http://www.imdb.com/title/tt0065205/
713	605	10.00009997	Judith	1966	Drama	N/A	http://www.imdb.com/title/tt0060568/
714	606	10.00009997	Johnny Reno	1966	Western	N/A	http://www.imdb.com/title/tt0060564/
715	607	10.00009998	Dog Eat Dog (U.S.-Italian-German)	1964	Crime Drama	N/A	http://www.imdb.com/title/tt0058024/
716	608	10.00009998	The Angry Breed	1969	Drama	PG	http://www.imdb.com/title/tt0064027/
717	609	10.00009999	Hit and Run	1957	Crime Drama	N/A	http://www.imdb.com/title/tt0050512/
718		10.0001	Private Affairs (Italian)	1988	Comedy-Drama	R	http://www.imdb.com/title/tt0095906/
719	610	10.0001	The Late Liz	1971	Drama	PG	http://www.imdb.com/title/tt0067331/
720	611	10.0001	Finger on the Trigger	1965	Adventure	PG	http://www.imdb.com/title/tt0059178/
721	612	10.0001	A Swingin' Affair	1963	Drama	N/A	http://www.imdb.com/title/tt0057545/
722	613	10.0001	Harbor Lights	1963	Suspense	N/A	http://www.imdb.com/title/tt0057125/
723	614	10.0001	Two Tickets to Paris	1962	Musical	N/A	http://www.imdb.com/title/tt0056624/
724	615	10.0001	Frankie and Johnny	1936	Musical	N/A	http://www.imdb.com/title/tt0027639/
725	616	10.20009368	House of 1000 Corpses	2003	Horror	R	http://www.imdb.com/title/tt0251736/
726	617	10.20009551	Disturbing Behavior (U.S.-Australian)	1998	Thriller	R	http://www.imdb.com/title/tt0134619/
727	618	10.20009743	Black Sheep	1996	Comedy	PG-13	http://www.imdb.com/title/tt0115697/
728	619	10.20009859	Amos & Andrew	1993	Comedy	PG-13	http://www.imdb.com/title/tt0106266/
729	620	10.20009938	Straight to Hell	1987	Comedy	R	http://www.imdb.com/title/tt0094048/
730	621	10.20009964	Mandingo	1975	Drama	R	http://www.imdb.com/title/tt0073349/
731	622	10.20009977	Lt. Robin Crusoe, USN	1966	Adventure	N/A	http://www.imdb.com/title/tt0060640/
732	623	10.20009994	Mad Doctor of Blood Island	1969	Horror	M/PG	http://www.imdb.com/title/tt0063255/
733	624	10.20009995	Once You Kiss a Stranger	1969	Suspense	M/PG	http://www.imdb.com/title/tt0064760/
734	625	10.20009997	Move	1970	Comedy	R	http://www.imdb.com/title/tt0066102/
735		10.20009998	The Devil Is a Woman (Italian)	1975	Drama	R	http://www.imdb.com/title/tt0073733/
736	626	10.20009998	Black Patch	1957	Western	N/A	http://www.imdb.com/title/tt0050196/
737	627	10.20009999	A Man Called Dagger	1968	Suspense	N/A	http://www.imdb.com/title/tt0061946/
738	628	10.40009172	The Skulls	2000	Suspense	PG-13	http://www.imdb.com/title/tt0192614/
739	629	10.40009607	The Tuxedo	2002	Action	PG-13	http://www.imdb.com/title/tt0290095/
740	630	10.40009735	Club Dread	2004	Comedy	R	http://www.imdb.com/title/tt0331953/
741	631	10.40009796	Earthquake	1974	Adventure	PG	http://www.imdb.com/title/tt0071455/
742	632	10.40009802	Showdown in Little Tokyo	1991	Action	R	http://www.imdb.com/title/tt0102915/
743	633	10.40009838	Neighbors	1981	Comedy	R	http://www.imdb.com/title/tt0082801/
744	634	10.4000988	Elvira, Mistress of the Dark	1988	Comedy	PG-13	http://www.imdb.com/title/tt0095088/
745	635	10.40009917	Best of the Best	1989	Drama	PG-13	http://www.imdb.com/title/tt0096913/
746		10.40009945	Aria (British)	1987	Drama	R	http://www.imdb.com/title/tt0092580/
747		10.40009962	The Canterbury Tales (Italian-French)	1971	Comedy-Drama	NC-17	http://www.imdb.com/title/tt0067647/
748	636	10.40009972	One of Our Dinosaurs Is Missing	1976	Family Fare	G	http://www.imdb.com/title/tt0075016/
749	637	10.40009979	Something Big	1971	Comedy	PG	http://www.imdb.com/title/tt0068022/
750	638	10.40009982	A Separate Peace	1972	Drama	PG	http://www.imdb.com/title/tt0069249/
751		10.40009985	The Mummy's Shroud (British)	1967	Horror	N/A	http://www.imdb.com/title/tt0062006/
752	639	10.40009985	Till There Was You (U.S.-Australian)	1990	Crime Drama	R	http://www.imdb.com/title/tt0100786/
753	640	10.40009988	The Longshot	1986	Comedy	PG-13	http://www.imdb.com/title/tt0091430/
754	641	10.40009992	Mack the Knife	1989	Crime Drama	PG-13	http://www.imdb.com/title/tt0097800/
755		10.40009994	Lady Caroline Lamb (British)	1972	Drama	PG	http://www.imdb.com/title/tt0068827/
756	642	10.40009996	Sweet Revenge	1977	Crime Drama	PG	http://www.imdb.com/title/tt0076789/
757		10.40009996	The Touchables (British)	1968	Crime Drama	PG	http://www.imdb.com/title/tt0063709/
758	643	10.40009997	Looking for Love	1964	Musical	N/A	http://www.imdb.com/title/tt0059398/
759	644	10.40009997	The Glory Stompers	1967	Action	N/A	http://www.imdb.com/title/tt0061714/
760	645	10.40009998	Jungle Captive	1945	Adventure	N/A	http://www.imdb.com/title/tt0037837/
761	646	10.60006905	Van Helsing	2004	Horror	PG-13	http://www.imdb.com/title/tt0338526/
762	647	10.60008969	3000 Miles to Graceland	2001	Crime Drama	R	http://www.imdb.com/title/tt0233142/
763	648	10.60009402	The Golden Child	1986	Fantasy	PG-13	http://www.imdb.com/title/tt0091129/
764	649	10.60009602	The Cannonball Run	1981	Comedy	PG	http://www.imdb.com/title/tt0082136/
765	650	10.6000974	Bulletproof	1996	Comedy	R	http://www.imdb.com/title/tt0115783/
766	651	10.60009913	New Best Friend	2002	Comedy	R	http://www.imdb.com/title/tt0191074/
767	652	10.60009915	My Science Project	1985	Comedy	PG	http://www.imdb.com/title/tt0089652/
768	653	10.60009954	The Last Days of Frankie the Fly	1997	Crime Drama	R	http://www.imdb.com/title/tt0116828/
769		10.60009962	The Final Option (British)	1982	Action	R	http://www.imdb.com/title/tt0083941/
770		10.60009969	Link (British)	1986	Horror	R	http://www.imdb.com/title/tt0091415/
771	654	10.60009969	The Other Side of Midnight	1977	Drama	R	http://www.imdb.com/title/tt0076507/
772	655	10.60009976	Murderers' Row	1966	Science Fiction	N/A	http://www.imdb.com/title/tt0060728/
773		10.60009977	The Magus (British)	1968	Fantasy	R	http://www.imdb.com/title/tt0063260/
774		10.60009978	Dogs in Space (Australian)	1986	Drama	R	http://www.imdb.com/title/tt0092904/
775	656	10.60009979	The Arrangement	1969	Drama	R	http://www.imdb.com/title/tt0064041/
776	657	10.60009983	Pass the Ammo	1988	Comedy	R	http://www.imdb.com/title/tt0095832/
777	658	10.60009988	Last of the Red Hot Lovers	1972	Comedy	PG	http://www.imdb.com/title/tt0068835/
778	659	10.60009995	Sheila Levine Is Dead and Living in New York	1975	Comedy	PG	http://www.imdb.com/title/tt0073698/
779	660	10.60009996	13 Frightened Girls	1963	Adventure	N/A	http://www.imdb.com/title/tt0056796/
780	661	10.60009997	Secret Friends (U.S.-British)	1992	Drama	N/A	http://www.imdb.com/title/tt0102867/
781	662	10.60009998	The Stranger Returns (U.S.-Italian)	1968	Western	R	http://www.imdb.com/title/tt0063747/
782	663	10.60009998	Second-Hand Hearts	1981	Comedy	PG	http://www.imdb.com/title/tt0083041/
783	664	10.80009729	Dead Man on Campus	1998	Comedy	R	http://www.imdb.com/title/tt0118301/
784		10.80009944	Razorback (Australian)	1984	Horror	R	http://www.imdb.com/title/tt0087981/
785	665	10.80009983	The Private Navy of Sgt. O'Farrell	1968	Comedy	G	http://www.imdb.com/title/tt0063459/
786	666	10.80009984	Renaldo and Clara	1978	Drama	R	http://www.imdb.com/title/tt0078151/
787	667	10.80009988	Hell Up in Harlem	1973	Crime Drama	R	http://www.imdb.com/title/tt0070169/
788	668	10.80009995	Promises! Promises!	1963	Comedy	N/A	http://www.imdb.com/title/tt0057428/
789	669	10.80009996	Reform School Girl	1957	Drama	N/A	http://www.imdb.com/title/tt0050890/
790		10.80009997	King, Queen, Knave (British)	1972	Comedy	R	http://www.imdb.com/title/tt0068806/
791	670	10.80009997	Some Call It Loving	1973	Fantasy	R	http://www.imdb.com/title/tt0070714/
792	671	11.00008595	Mr. Deeds	2002	Comedy	PG-13	http://www.imdb.com/title/tt0280590/
793	672	11.00009714	The Last House on the Left	1972	Thriller	R	http://www.imdb.com/title/tt0068833/
794	673	11.00009761	Every Which Way But Loose	1978	Comedy	PG	http://www.imdb.com/title/tt0077523/
795		11.00009896	The Loss of Sexual Innocence (British)	1999	Drama	R	http://www.imdb.com/title/tt0126859/
796	674	11.00009923	Wanted: Dead or Alive	1987	Action	R	http://www.imdb.com/title/tt0094293/
797	675	11.00009937	Scavenger Hunt	1979	Comedy	PG	http://www.imdb.com/title/tt0079858/
798	676	11.00009949	Walker	1987	Biography	R	http://www.imdb.com/title/tt0096409/
799	677	11.0000997	Times Square	1980	Musical	R	http://www.imdb.com/title/tt0081635/
800	678	11.00009982	Sing	1989	Drama	PG-13	http://www.imdb.com/title/tt0098335/
801	679	11.00009982	Rhinoceros	1974	Fantasy	PG	http://www.imdb.com/title/tt0070605/
802		11.0000999	Open Season (Spanish)	1974	Action	R	http://www.imdb.com/title/tt0071292/
803	680	11.00009992	One More Saturday Night	1986	Comedy	R	http://www.imdb.com/title/tt0091681/
804	681	11.00009994	Tenth Avenue Angel	1948	Drama	N/A	http://www.imdb.com/title/tt0040865/
805		11.00009997	The Sweet Body of Deborah (Italian-French)	1969	Horror	R	http://www.imdb.com/title/tt0064243/
806		11.00009999	Oil (Italian)	1977	Action	N/A	http://www.imdb.com/title/tt0076490/
807	682	11.00009999	Cover Me Babe	1970	Drama	PG	http://www.imdb.com/title/tt0065582/
808	683	11.20009347	Casper	1995	Fantasy	PG	http://www.imdb.com/title/tt0112642/
809	684	11.20009685	Gummo	1997	Drama	R	http://www.imdb.com/title/tt0119237/
810	685	11.20009774	Erik the Viking	1989	Comedy	PG-13	http://www.imdb.com/title/tt0097289/
811	686	11.20009787	Yellowbeard	1983	Comedy	PG	http://www.imdb.com/title/tt0086618/
812	687	11.20009815	In Love and War (U.S.-British)	1996	Drama	PG-13	http://www.imdb.com/title/tt0116621/
813	688	11.20009849	S.F.W.	1995	Comedy-Drama	R	http://www.imdb.com/title/tt0111048/
814		11.2000994	Water (British)	1985	Comedy	PG-13	http://www.imdb.com/title/tt0090297/
815	689	11.20009957	From the Hip	1987	Crime Drama	PG	http://www.imdb.com/title/tt0093051/
816	690	11.20009961	Swashbuckler	1976	Adventure	PG	http://www.imdb.com/title/tt0075294/
817	691	11.20009971	The War of the Gargantuas (U.S.-Japanese)	1966	Science Fiction	G	http://www.imdb.com/title/tt0060440/
818	692	11.20009974	State Fair	1962	Musical	N/A	http://www.imdb.com/title/tt0056526/
819	693	11.20009987	A Small Circle of Friends	1980	Drama	R	http://www.imdb.com/title/tt0081528/
820	694	11.20009998	C'mon, Let's Live a Little	1967	Musical	N/A	http://www.imdb.com/title/tt0061434/
821		11.40008302	Resident Evil: Apocalypse (German-French-British)	2004	Science Fiction	R	http://www.imdb.com/title/tt0318627/
822	695	11.40009662	Paparazzi	2004	Action	PG-13	http://www.imdb.com/title/tt0338325/
823	696	11.40009673	Gossip	2000	Drama	R	http://www.imdb.com/title/tt0176783/
824	697	11.40009819	American Gigolo	1980	Drama	R	http://www.imdb.com/title/tt0080365/
825	698	11.40009913	Maniac	1980	Horror	R	http://www.imdb.com/title/tt0081114/
826		11.40009951	The Secret Agent (British)	1996	Drama	R	http://www.imdb.com/title/tt0117582/
827		11.40009981	London Kills Me (British)	1991	Crime Drama	R	http://www.imdb.com/title/tt0102328/
828		11.40009982	Inserts (British)	1975	Drama	X	http://www.imdb.com/title/tt0073172/
829	699	11.40009993	That Certain Feeling	1956	Comedy	N/A	http://www.imdb.com/title/tt0049841/
830		11.40009997	Love at First Sight (Canadian)	1974	Comedy	PG	http://www.imdb.com/title/tt0071777/
831	700	11.60009656	Impostor	2002	Science Fiction	PG-13	http://www.imdb.com/title/tt0160399/
832		11.60009776	Force 10 From Navarone (British)	1978	War Drama	PG	http://www.imdb.com/title/tt0077572/
833		11.60009889	Trouble Every Day (French)	2001	Horror	N/A	http://www.imdb.com/title/tt0204700/
834	701	11.60009927	Looker	1981	Crime Drama	PG	http://www.imdb.com/title/tt0082677/
835	702	11.60009936	Man of La Mancha	1972	Musical	PG	http://www.imdb.com/title/tt0068909/
836	703	11.60009974	The Mountain Men	1980	Adventure	R	http://www.imdb.com/title/tt0081187/
837	704	11.60009977	Vigilante	1982	Crime Drama	R	http://www.imdb.com/title/tt0084867/
838	705	11.60009977	Executive Action	1973	Suspense	PG	http://www.imdb.com/title/tt0070046/
839	706	11.60009982	Hustle	1975	Crime Drama	R	http://www.imdb.com/title/tt0073133/
840		11.60009982	Friends (British)	1971	Drama	R	http://www.imdb.com/title/tt0067118/
841		11.60009985	In Praise of Older Women (Canadian)	1978	Drama	R	http://www.imdb.com/title/tt0077728/
842	707	11.60009987	The Promise	1979	Drama	PG	http://www.imdb.com/title/tt0079756/
843	708	11.60009994	Streetwalkin'	1984	Action	R	http://www.imdb.com/title/tt0088195/
844	709	11.60009997	Forty Naughty Girls	1937	Comedy	N/A	http://www.imdb.com/title/tt0028891/
845	710	11.80009245	Pet Sematary	1989	Horror	R	http://www.imdb.com/title/tt0098084/
846	711	11.80009943	The Hunter	1980	Biography	PG	http://www.imdb.com/title/tt0080907/
847	712	11.80009992	In a Shallow Grave	1988	Drama	R	http://www.imdb.com/title/tt0095364/
848	713	11.80009999	Speed Crazy	1959	Crime Drama	PG-13	http://www.imdb.com/title/tt0053300/
849	714	12.00008962	Four Rooms	1995	Drama	R	http://www.imdb.com/title/tt0113101/
850	715	12.00009763	D.O.A.	1988	Suspense	R	http://www.imdb.com/title/tt0094933/
851	716	12.00009792	Total Eclipse (U.S.-French)	1995	Biography	R	http://www.imdb.com/title/tt0114702/
852	717	12.00009898	The Missouri Breaks	1976	Western	PG	http://www.imdb.com/title/tt0074906/
853	718	12.00009999	Don't Worry, We'll Think of a Title	1966	Comedy	N/A	http://www.imdb.com/title/tt0060332/
854	719	12.0001	Guns of a Stranger	1973	Western	G	http://www.imdb.com/title/tt0070142/
855		12.20009597	Salo, or The 120 Days of Sodom (Italian)	1975	War Drama	NC-17	http://www.imdb.com/title/tt0073650/
856	720	12.20009792	Where the Buffalo Roam	1980	Comedy	R	http://www.imdb.com/title/tt0081748/
857	721	12.20009909	Midnight Madness	1980	Comedy	PG	http://www.imdb.com/title/tt0081159/
858		12.20009909	The Brood (Canadian)	1979	Horror	R	http://www.imdb.com/title/tt0078908/
859		12.20009994	Benjamin (French)	1968	Drama	X	http://www.imdb.com/title/tt0062724/
860		12.20009995	Harry Black and the Tiger (British)	1958	Adventure	N/A	http://www.imdb.com/title/tt0051702/
861	722	12.40008439	The Punisher	2004	Action	R	http://www.imdb.com/title/tt0330793/
862	723	12.40009617	Prince of Darkness	1987	Horror	R	http://www.imdb.com/title/tt0093777/
863	724	12.40009715	Pumpkin	2002	Drama	R	http://www.imdb.com/title/tt0265591/
864	725	12.60008339	What Dreams May Come	1998	Fantasy	PG-13	http://www.imdb.com/title/tt0120889/
865	726	12.60009355	Spun	2003	Comedy-Drama	R	http://www.imdb.com/title/tt0283003/
866	727	12.60009985	The Visitors	1972	Crime Drama	R	http://www.imdb.com/title/tt0069466/
867	728	12.80009857	Deceiver	1998	Crime Drama	R	http://www.imdb.com/title/tt0119527/
868	729	12.80009992	The Mouse and His Child	1977	Family Fare	G	http://www.imdb.com/title/tt0076416/
869		12.80009997	Kiss the Girls and Make Them Die (Italian)	1966	Action	N/A	http://www.imdb.com/title/tt0060592/
870	730	13.00009419	Wonderland	2003	Crime Drama	R	http://www.imdb.com/title/tt0335563/
871		13.00009628	Zombie (Italian)	1979	Horror	R	http://www.imdb.com/title/tt0080057/
872	731	13.00009698	Anything Else	2003	Comedy	R	http://www.imdb.com/title/tt0313792/
873	732	13.20008783	The Rules of Attraction	2002	Drama	R	http://www.imdb.com/title/tt0292644/
874	733	13.40009906	Rad	1986	Drama	PG	http://www.imdb.com/title/tt0091817/
875		13.40009907	Querelle (German)	1982	Drama	R	http://www.imdb.com/title/tt0084565/
876	734	13.40009923	Sordid Lives	2001	Comedy	R	http://www.imdb.com/title/tt0204640/
877		13.6000998	The Psychic (Italian)	1978	Thriller	R	http://www.imdb.com/title/tt0075614/
878		13.60009995	Mumsy, Nanny, Sonny and Girly (British)	1970	Crime Drama	R	http://www.imdb.com/title/tt0064704/
879	735	14.00009923	The Wild Side	1983	Drama	R	http://www.imdb.com/title/tt0086589/
880		14.00009998	Heartland Reggae (Canadian)	1980	Documentary	N/A	http://www.imdb.com/title/tt0162363/
881	736	14.20007939	Fear and Loathing in Las Vegas	1998	Drama	R	http://www.imdb.com/title/tt0120669/
882	737	14.20009199	The Transformers	1986	Science Fiction	PG	http://www.imdb.com/title/tt0092106/
883	738	14.20009998	The Yellow Canary	1963	Drama	N/A	http://www.imdb.com/title/tt0057700/
